name,slug,industry,sector,hq_city,hq_state,size,score,certified_date,bcorp_profile_url
Adelsheim Vineyard,adelsheim-vineyard,Agricultural Processing,Agriculture/Growers,Newberg,Oregon,10-49,90.9,2025-10-20,https://www.bcorporation.net/en-us/find-a-b-corp/company/adelsheim-vineyard/
Amasar,amasar-llc,Agricultural Processing,Agriculture/Growers,Jayuya,Puerto Rico,1-9,83.2,2025-06-15,https://www.bcorporation.net/en-us/find-a-b-corp/company/amasar-llc/
Berkshire Cider Project,berkshire-cider-project,Agricultural Processing,Manufacturing,North Adams,Massachusetts,1-9,85.8,2023-04-05,https://www.bcorporation.net/en-us/find-a-b-corp/company/berkshire-cider-project/
Bonterra Organic Estates,fetzer-vineyards,Agricultural Processing,Agriculture/Growers,Hopland,California,50-249,117.3,2015-05-21,https://www.bcorporation.net/en-us/find-a-b-corp/company/fetzer-vineyards/
CARTOGRAPH WINES,cartograph-wines,Agricultural Processing,Agriculture/Growers,Healdsburg,California,1-9,126.2,2020-06-25,https://www.bcorporation.net/en-us/find-a-b-corp/company/cartograph-wines/
"Charlotte's Web, Inc",charlottes-web-holdings-inc,Agricultural Processing,Agriculture/Growers,,,50-249,96.5,2020-08-26,https://www.bcorporation.net/en-us/find-a-b-corp/company/charlottes-web-holdings-inc/
Chehalem Winery,chehalem-winery,Agricultural Processing,Agriculture/Growers,Sherwood,Oregon,1-9,82,2018-07-11,https://www.bcorporation.net/en-us/find-a-b-corp/company/chehalem-winery/
Crosby Hops,crosby-hop-farm-llc,Agricultural Processing,Agriculture/Growers,Woodburn,Oregon,50-249,84.4,2016-04-04,https://www.bcorporation.net/en-us/find-a-b-corp/company/crosby-hop-farm-llc/
Elk Cove Vineyards,elk-cove-vineyards,Agricultural Processing,Agriculture/Growers,Gaston,Oregon,10-49,90.4,2026-05-20,https://www.bcorporation.net/en-us/find-a-b-corp/company/elk-cove-vineyards/
Et Fille Wines,et-fille-wines,Agricultural Processing,Agriculture/Growers,Sherwood,Oregon,1-9,101.1,2022-03-09,https://www.bcorporation.net/en-us/find-a-b-corp/company/et-fille-wines/
"Fungi Perfecti, LLC",fungi-perfecti-llc,Agricultural Processing,Manufacturing,Shelton,Washington,50-249,83.5,2023-06-12,https://www.bcorporation.net/en-us/find-a-b-corp/company/fungi-perfecti-llc/
"GoodSam PBC, dba GoodSam Foods",good-sam-pbc-dba-good-sam-foods,Agricultural Processing,Agriculture/Growers,Old Greenwich,Connecticut,10-49,143.9,2022-10-10,https://www.bcorporation.net/en-us/find-a-b-corp/company/good-sam-pbc-dba-good-sam-foods/
"Harmoni, Inc. dba Uncle Matt's Organic",harmoni-inc-dba-uncle-matts-organic,Agricultural Processing,Agriculture/Growers,Clermont,Florida,50-249,94.1,2022-06-20,https://www.bcorporation.net/en-us/find-a-b-corp/company/harmoni-inc-dba-uncle-matts-organic/
Higher Grounds Trading Company,higher-grounds-trading-company,Agricultural Processing,Agriculture/Growers,Traverse City,Michigan,10-49,84,2016-01-28,https://www.bcorporation.net/en-us/find-a-b-corp/company/higher-grounds-trading-company/
Joe Bean Coffee LLC,joe-bean-coffee-l-l-c,Agricultural Processing,Agriculture/Growers,Rochester,New York,1-9,88.1,2022-08-22,https://www.bcorporation.net/en-us/find-a-b-corp/company/joe-bean-coffee-l-l-c/
Just Coffee Cooperative,just-coffee-cooperative,Agricultural Processing,Agriculture/Growers,Madison,Wisconsin,10-49,102.4,2017-09-26,https://www.bcorporation.net/en-us/find-a-b-corp/company/just-coffee-cooperative/
MIKUNA,mikuna,Agricultural Processing,Agriculture/Growers,Santa Barbara,California,1-9,90.1,2020-12-13,https://www.bcorporation.net/en-us/find-a-b-corp/company/mikuna/
Natures Crops Inc,natures-crops-inc,Agricultural Processing,Agriculture/Growers,Winston-Salem,North Carolina,10-49,84.1,2022-08-28,https://www.bcorporation.net/en-us/find-a-b-corp/company/natures-crops-inc/
Nossa Familia Coffee,nossa-familia-coffee,Agricultural Processing,Manufacturing,Portland,Oregon,10-49,90.2,2016-02-08,https://www.bcorporation.net/en-us/find-a-b-corp/company/nossa-familia-coffee/
Peace Coffee,peace-coffee,Agricultural Processing,Agriculture/Growers,Minneapolis,Minnesota,50-249,117.7,2017-11-20,https://www.bcorporation.net/en-us/find-a-b-corp/company/peace-coffee/
Pure Ground Ingredients,pure-ground-ingredients,Agricultural Processing,Agriculture/Growers,Minden,Nevada,50-249,92.3,2019-05-16,https://www.bcorporation.net/en-us/find-a-b-corp/company/pure-ground-ingredients/
River Road Family Vineyards and Winery,ron-rubin-winery,Agricultural Processing,Agriculture/Growers,Sebastopol,California,1-9,92.6,2022-08-04,https://www.bcorporation.net/en-us/find-a-b-corp/company/ron-rubin-winery/
Rogue Creamery,rogue-creamery,Agricultural Processing,Manufacturing,Central Point,Oregon,10-49,83.2,2016-06-09,https://www.bcorporation.net/en-us/find-a-b-corp/company/rogue-creamery/
Scout & Cellar,scout-cellar,Agricultural Processing,Agriculture/Growers,Dallas,Texas,10-49,87.8,2024-06-13,https://www.bcorporation.net/en-us/find-a-b-corp/company/scout-cellar/
Soter Vineyards,soter-vineyards,Agricultural Processing,Agriculture/Growers,Carlton,Oregon,10-49,87.5,2024-02-25,https://www.bcorporation.net/en-us/find-a-b-corp/company/soter-vineyards/
Stoller Family Estate,stoller-family-estate,Agricultural Processing,Agriculture/Growers,Dayton,Oregon,50-249,83.4,2017-07-31,https://www.bcorporation.net/en-us/find-a-b-corp/company/stoller-family-estate/
Thanksgiving Coffee Co.,thanksgiving-coffee-co,Agricultural Processing,Agriculture/Growers,Fort Bragg,California,10-49,103.2,2015-11-03,https://www.bcorporation.net/en-us/find-a-b-corp/company/thanksgiving-coffee-co/
"Thrive Farmers International, Inc.",thrive-farmers-international-inc,Agricultural Processing,Agriculture/Growers,Roswell,Georgia,10-49,90.5,2016-12-08,https://www.bcorporation.net/en-us/find-a-b-corp/company/thrive-farmers-international-inc/
Trois Noix,aca-cellars-llc,Agricultural Processing,Agriculture/Growers,Saint Helena,California,1-9,87.9,2022-01-09,https://www.bcorporation.net/en-us/find-a-b-corp/company/aca-cellars-llc/
Union Wine Company,union-wine-company,Agricultural Processing,Agriculture/Growers,Tualatin,Oregon,50-249,81.2,2024-03-12,https://www.bcorporation.net/en-us/find-a-b-corp/company/union-wine-company/
Veritable Vegetable,veritable-vegetable,Agricultural Processing,Agriculture/Growers,,,50-249,110.3,2014-03-30,https://www.bcorporation.net/en-us/find-a-b-corp/company/veritable-vegetable/
"Wicked Joe, Wicked Leaf & Benbows Coffee",wicked-joe,Agricultural Processing,Manufacturing,Topsham,Maine,10-49,105.7,2016-06-06,https://www.bcorporation.net/en-us/find-a-b-corp/company/wicked-joe/
Winderlea Vineyard and Winery,winderlea-vineyard-and-winery,Agricultural Processing,Agriculture/Growers,Dundee,Oregon,1-9,114.2,2015-03-29,https://www.bcorporation.net/en-us/find-a-b-corp/company/winderlea-vineyard-and-winery/
Wonderstate Coffee,wonderstate-coffee,Agricultural Processing,Agriculture/Growers,Viroqua,Wisconsin,50-249,91.5,2025-09-28,https://www.bcorporation.net/en-us/find-a-b-corp/company/wonderstate-coffee/
686 Technical Apparel,686,Apparel,Wholesale/Retail,Gardena,California,10-49,80.5,2024-03-05,https://www.bcorporation.net/en-us/find-a-b-corp/company/686/
Adore Me,adore-me,Apparel,Wholesale/Retail,New York,New York,250-999,89.2,2022-08-31,https://www.bcorporation.net/en-us/find-a-b-corp/company/adore-me/
Alex Crane,alex-crane,Apparel,Wholesale/Retail,Brooklyn,New York,1-9,87.2,2025-05-21,https://www.bcorporation.net/en-us/find-a-b-corp/company/alex-crane/
Alliance Graphics,alliance-graphics,Apparel,Wholesale/Retail,Berkeley,California,10-49,80.5,2025-09-07,https://www.bcorporation.net/en-us/find-a-b-corp/company/alliance-graphics/
Alp N Rock,alp-n-rock,Apparel,Wholesale/Retail,San Marcos,California,10-49,82.9,2023-03-07,https://www.bcorporation.net/en-us/find-a-b-corp/company/alp-n-rock/
Another Tomorrow Inc.,another-tomorrow-inc,Apparel,Wholesale/Retail,New York,New York,10-49,93.8,2020-06-14,https://www.bcorporation.net/en-us/find-a-b-corp/company/another-tomorrow-inc/
Apolis Holdings LLC,apolis-holdings-llc,Apparel,Wholesale/Retail,Los Angeles,California,1-9,85.1,2012-03-11,https://www.bcorporation.net/en-us/find-a-b-corp/company/apolis-holdings-llc/
"Atelier Jolie Lifestyle, Inc.",atelier-jolie-lifestyle-inc,Apparel,Manufacturing,New York,New York,1-9,85.6,2023-11-07,https://www.bcorporation.net/en-us/find-a-b-corp/company/atelier-jolie-lifestyle-inc/
"Athleta, Inc.",athleta,Apparel,Wholesale/Retail,San Francisco,California,1000+,94.5,2018-03-05,https://www.bcorporation.net/en-us/find-a-b-corp/company/athleta/
Bombas LLC,bombas,Apparel,Wholesale/Retail,New York,New York,50-249,103.1,2017-12-19,https://www.bcorporation.net/en-us/find-a-b-corp/company/bombas/
CLOZTALK,cloztalk,Apparel,Wholesale/Retail,Royal Oak,Michigan,0,92.1,2022-01-12,https://www.bcorporation.net/en-us/find-a-b-corp/company/cloztalk/
COMMUNAUTÉ LTD. dba DÔEN,communaut-ltd,Apparel,Wholesale/Retail,Van Nuys,California,50-249,86.1,2026-03-23,https://www.bcorporation.net/en-us/find-a-b-corp/company/communaut-ltd/
"Carhartt, Inc.",carhartt-inc-developed-market,Apparel,Wholesale/Retail,Dearborn,Michigan,1000+,81.2,2026-04-27,https://www.bcorporation.net/en-us/find-a-b-corp/company/carhartt-inc-developed-market/
Cariloha,cariloha,Apparel,Wholesale/Retail,Sandy,Utah,50-249,81.9,2023-01-23,https://www.bcorporation.net/en-us/find-a-b-corp/company/cariloha/
City Apparel + Merch,city-apparel,Apparel,Wholesale/Retail,Findlay,Ohio,10-49,123.7,2024-03-03,https://www.bcorporation.net/en-us/find-a-b-corp/company/city-apparel/
Cleobella LLC,cleobella-llc,Apparel,Wholesale/Retail,Huntington Beach,California,10-49,82.9,2024-07-29,https://www.bcorporation.net/en-us/find-a-b-corp/company/cleobella-llc/
Colorado Threads,colorado-threads,Apparel,Manufacturing,Lakewood,Colorado,0,134.9,2025-09-14,https://www.bcorporation.net/en-us/find-a-b-corp/company/colorado-threads/
Coradorables Sustainable Corporation,coradorablesllc,Apparel,Wholesale/Retail,Honolulu,Hawaii,0,107.7,2023-09-11,https://www.bcorporation.net/en-us/find-a-b-corp/company/coradorablesllc/
Cotopaxi,cotopaxi,Apparel,Wholesale/Retail,Salt Lake City,Utah,50-249,125.6,2015-12-27,https://www.bcorporation.net/en-us/find-a-b-corp/company/cotopaxi/
DVAA LLC,dvaa,Apparel,Wholesale/Retail,Westwood,New Jersey,0,101.1,2026-05-25,https://www.bcorporation.net/en-us/find-a-b-corp/company/dvaa/
Definite Articles,definite-articles,Apparel,Wholesale/Retail,Longboat Key,Florida,1-9,105.7,2023-07-09,https://www.bcorporation.net/en-us/find-a-b-corp/company/definite-articles/
Descalza LLC,descalza-llc,Apparel,Wholesale/Retail,Sanford,North Carolina,0,90.2,2023-01-17,https://www.bcorporation.net/en-us/find-a-b-corp/company/descalza-llc/
Eddy Aesthetic,eddy-aesthetic,Apparel,Wholesale/Retail,San Francisco,California,1-9,86.3,2025-10-30,https://www.bcorporation.net/en-us/find-a-b-corp/company/eddy-aesthetic/
Eileen Fisher,eileen-fisher-inc,Apparel,Wholesale/Retail,Irvington,New York,250-999,109.4,2015-12-17,https://www.bcorporation.net/en-us/find-a-b-corp/company/eileen-fisher-inc/
Faherty Brand LLC,faherty-brand-llc,Apparel,Wholesale/Retail,New York,New York,250-999,85.7,2024-07-28,https://www.bcorporation.net/en-us/find-a-b-corp/company/faherty-brand-llc/
Fair Harbor,fair-harbor,Apparel,Wholesale/Retail,New York City,New York,10-49,94.3,2022-06-14,https://www.bcorporation.net/en-us/find-a-b-corp/company/fair-harbor/
Fervor and Zeal LLC,fervor-and-zeal-llc,Apparel,Wholesale/Retail,San Diego,California,0,87.3,2025-07-14,https://www.bcorporation.net/en-us/find-a-b-corp/company/fervor-and-zeal-llc/
Four Objects Ltd,four-objects-ltd,Apparel,Wholesale/Retail,,,0,99.1,2022-10-03,https://www.bcorporation.net/en-us/find-a-b-corp/company/four-objects-ltd/
Frank & Eileen,frank-eileen,Apparel,Wholesale/Retail,Los Angeles,California,10-49,125.5,2020-11-24,https://www.bcorporation.net/en-us/find-a-b-corp/company/frank-eileen/
Free Fly Apparel,free-fly-apparel,Apparel,Wholesale/Retail,Charleston,South Carolina,50-249,83.1,2025-02-23,https://www.bcorporation.net/en-us/find-a-b-corp/company/free-fly-apparel/
GOEX Apparel,the-go-exchange,Apparel,Manufacturing,Kansas City,Missouri,10-49,94.9,2024-01-15,https://www.bcorporation.net/en-us/find-a-b-corp/company/the-go-exchange/
Gallant International Inc.,gallant-international-inc,Apparel,Wholesale/Retail,Mission Viejo,California,1-9,95.9,2020-03-25,https://www.bcorporation.net/en-us/find-a-b-corp/company/gallant-international-inc/
Good American,good-american,Apparel,Wholesale/Retail,Los Angeles,California,50-249,85.7,2021-10-07,https://www.bcorporation.net/en-us/find-a-b-corp/company/good-american/
Happy Earth Apparel,happy-earth-apparel,Apparel,Wholesale/Retail,,,1-9,91.4,2021-02-09,https://www.bcorporation.net/en-us/find-a-b-corp/company/happy-earth-apparel/
Jetty,jetty,Apparel,Manufacturing,Manahawkin,New Jersey,50-249,89.9,2017-08-16,https://www.bcorporation.net/en-us/find-a-b-corp/company/jetty/
KNOWN SUPPLY,known-supply,Apparel,Wholesale/Retail,Costa Mesa,California,1-9,96.9,2019-07-17,https://www.bcorporation.net/en-us/find-a-b-corp/company/known-supply/
Kalsoni,kalsoni,Apparel,Wholesale/Retail,Minneapolis,Minnesota,0,129.9,2025-06-12,https://www.bcorporation.net/en-us/find-a-b-corp/company/kalsoni/
Karen Kane,karen-kane,Apparel,Manufacturing,Los Angeles,California,50-249,82.2,2020-03-26,https://www.bcorporation.net/en-us/find-a-b-corp/company/karen-kane/
Kind Cotton LLC,kind-cotton-llc,Apparel,Wholesale/Retail,Silver Spring,Maryland,0,80,2025-07-15,https://www.bcorporation.net/en-us/find-a-b-corp/company/kind-cotton-llc/
Krimson Klover,krimson-klover,Apparel,Wholesale/Retail,Boulder,Colorado,10-49,80.7,2026-03-18,https://www.bcorporation.net/en-us/find-a-b-corp/company/krimson-klover/
LIVSN Designs,livsn-designs,Apparel,Wholesale/Retail,BENTONVILLE,Arkansas,1-9,111.2,2025-05-12,https://www.bcorporation.net/en-us/find-a-b-corp/company/livsn-designs/
Looptworks,looptworks,Apparel,Manufacturing,Portland,Oregon,10-49,83.6,2014-03-02,https://www.bcorporation.net/en-us/find-a-b-corp/company/looptworks/
MATE the Label,mate-the-label,Apparel,Wholesale/Retail,Los Angeles,California,10-49,84.4,2023-04-23,https://www.bcorporation.net/en-us/find-a-b-corp/company/mate-the-label/
"MERGE4 Mfg, Inc.",merge4-mfg-inc,Apparel,Wholesale/Retail,Soquel,California,1-9,109.3,2017-02-14,https://www.bcorporation.net/en-us/find-a-b-corp/company/merge4-mfg-inc/
Marine Layer,marine-layer,Apparel,Wholesale/Retail,San Francisco,California,250-999,81.8,2022-12-14,https://www.bcorporation.net/en-us/find-a-b-corp/company/marine-layer/
Merry Go Rounds,merry-go-rounds,Apparel,Wholesale/Retail,Easton,Massachusetts,1-9,87.7,2020-12-16,https://www.bcorporation.net/en-us/find-a-b-corp/company/merry-go-rounds/
Mexicali Blues,mexicali-blues,Apparel,Wholesale/Retail,Newcastle,Maine,10-49,95.9,2024-08-18,https://www.bcorporation.net/en-us/find-a-b-corp/company/mexicali-blues/
"Michael Stars, Inc.",michael-stars-inc,Apparel,Wholesale/Retail,Hawthorne,California,50-249,97.2,2023-10-01,https://www.bcorporation.net/en-us/find-a-b-corp/company/michael-stars-inc/
OluKai,olukai,Apparel,Wholesale/Retail,Irvine,California,50-249,83.6,2014-01-06,https://www.bcorporation.net/en-us/find-a-b-corp/company/olukai/
Ombraz Inc,ombraz-inc,Apparel,Wholesale/Retail,Bellevue,Washington,1-9,85.1,2022-06-24,https://www.bcorporation.net/en-us/find-a-b-corp/company/ombraz-inc/
Paka,paka,Apparel,Wholesale/Retail,Boulder,Colorado,1-9,105,2020-11-19,https://www.bcorporation.net/en-us/find-a-b-corp/company/paka/
Parks Project,httpswwwparksprojectus,Apparel,Wholesale/Retail,Culver City,California,10-49,88.8,2023-01-02,https://www.bcorporation.net/en-us/find-a-b-corp/company/httpswwwparksprojectus/
Patagonia,patagonia-inc,Apparel,Wholesale/Retail,Ventura,California,1000+,166,2011-12-21,https://www.bcorporation.net/en-us/find-a-b-corp/company/patagonia-inc/
Patara LLC,patara-llc,Apparel,Wholesale/Retail,Carlsbad,California,1-9,85.3,2020-12-15,https://www.bcorporation.net/en-us/find-a-b-corp/company/patara-llc/
Portland Garment Factory,portland-garment-factory,Apparel,Manufacturing,Portland,Oregon,10-49,86.1,2019-08-11,https://www.bcorporation.net/en-us/find-a-b-corp/company/portland-garment-factory/
Ruadh,ruadh,Apparel,Wholesale/Retail,NY,New York,0,93.9,2025-09-10,https://www.bcorporation.net/en-us/find-a-b-corp/company/ruadh/
Rumpl,rumpl,Apparel,Wholesale/Retail,Portland,Oregon,10-49,87.3,2021-01-26,https://www.bcorporation.net/en-us/find-a-b-corp/company/rumpl/
Seams To Fit,seams-to-fit,Apparel,Wholesale/Retail,Portland,Oregon,1-9,91.7,2016-10-13,https://www.bcorporation.net/en-us/find-a-b-corp/company/seams-to-fit/
Softstar Shoes,softstar-shoes,Apparel,Manufacturing,Philomath,Oregon,10-49,87.7,2023-04-16,https://www.bcorporation.net/en-us/find-a-b-corp/company/softstar-shoes/
Solmate Socks,solmate-socks,Apparel,Wholesale/Retail,Portland,Oregon,1-9,112.5,2020-03-02,https://www.bcorporation.net/en-us/find-a-b-corp/company/solmate-socks/
"Sportiqe, LLC",sportiqe-llc,Apparel,Wholesale/Retail,Tempe,Arizona,50-249,81.9,2023-09-19,https://www.bcorporation.net/en-us/find-a-b-corp/company/sportiqe-llc/
Stick & Ball,stick-and-ball,Apparel,Wholesale/Retail,Mill Valley,California,0,90.2,2025-04-21,https://www.bcorporation.net/en-us/find-a-b-corp/company/stick-and-ball/
Storm Creek,tk-trading-co-dba-storm-creek,Apparel,Wholesale/Retail,Eagan,Minnesota,10-49,112.6,2025-06-23,https://www.bcorporation.net/en-us/find-a-b-corp/company/tk-trading-co-dba-storm-creek/
Sudara Inc.,sudara-inc,Apparel,Wholesale/Retail,Bend,Oregon,1-9,88.5,2017-11-06,https://www.bcorporation.net/en-us/find-a-b-corp/company/sudara-inc/
TOMS,toms,Apparel,Wholesale/Retail,Culver City,California,50-249,126.7,2018-11-08,https://www.bcorporation.net/en-us/find-a-b-corp/company/toms/
"TS Designs, Inc.",ts-designs-inc,Apparel,Manufacturing,Burlington,North Carolina,10-49,81.2,2008-01-24,https://www.bcorporation.net/en-us/find-a-b-corp/company/ts-designs-inc/
Tabeeze,tabeeze,Apparel,Wholesale/Retail,Glendale,California,0,119.5,2020-12-06,https://www.bcorporation.net/en-us/find-a-b-corp/company/tabeeze/
The Blueberry Hill,the-blueberry-hill,Apparel,Wholesale/Retail,South Salt Lake,Utah,1-9,80.5,2025-09-21,https://www.bcorporation.net/en-us/find-a-b-corp/company/the-blueberry-hill/
"The House of LR&C, PBC",the-house-of-lrc-pbc,Apparel,Wholesale/Retail,Seattle,Washington,1-9,82.8,2022-01-25,https://www.bcorporation.net/en-us/find-a-b-corp/company/the-house-of-lrc-pbc/
"The Humble Shoe Company, Inc.",the-humble-shoe-company-inc,Apparel,Wholesale/Retail,New York,New York,1-9,96.2,2021-12-07,https://www.bcorporation.net/en-us/find-a-b-corp/company/the-humble-shoe-company-inc/
The Many Company,borobabi,Apparel,Wholesale/Retail,Ridgewood,New Jersey,10-49,94.5,2022-02-17,https://www.bcorporation.net/en-us/find-a-b-corp/company/borobabi/
Tillak,tillak,Apparel,Wholesale/Retail,Sisters,Oregon,0,116.7,2018-07-26,https://www.bcorporation.net/en-us/find-a-b-corp/company/tillak/
"Toad & Co. International, Inc.",toad-co-international-inc,Apparel,Wholesale/Retail,Santa Barbara,California,10-49,87.4,2025-09-02,https://www.bcorporation.net/en-us/find-a-b-corp/company/toad-co-international-inc/
"TomboyX, PBC",tomboy-x,Apparel,Wholesale/Retail,Seattle,Washington,10-49,95.7,2022-01-23,https://www.bcorporation.net/en-us/find-a-b-corp/company/tomboy-x/
Town Hall Public Benefit Corporation,town-hall-public-benefit-corporation,Apparel,Wholesale/Retail,Steamboat Springs,Colorado,0,97.4,2025-03-26,https://www.bcorporation.net/en-us/find-a-b-corp/company/town-hall-public-benefit-corporation/
Turtle Fur,turtle-fur,Apparel,Wholesale/Retail,Morrisville,Vermont,10-49,103.4,2022-12-20,https://www.bcorporation.net/en-us/find-a-b-corp/company/turtle-fur/
United By Blue,united-blue,Apparel,Wholesale/Retail,Brooklyn,New York,1-9,81.9,2011-08-25,https://www.bcorporation.net/en-us/find-a-b-corp/company/united-blue/
VPL,vpl,Apparel,Wholesale/Retail,Los Angeles,California,1-9,93.6,2016-12-21,https://www.bcorporation.net/en-us/find-a-b-corp/company/vpl/
"Vector Apparel Projects, INC",vector-apparel-projects-inc,Apparel,Manufacturing,Los Angeles,California,10-49,81.4,2026-06-14,https://www.bcorporation.net/en-us/find-a-b-corp/company/vector-apparel-projects-inc/
Vertical Activewear,vertical-activewear,Apparel,Manufacturing,Duluth,Georgia,0,94.8,2024-01-04,https://www.bcorporation.net/en-us/find-a-b-corp/company/vertical-activewear/
Wallaroo Hat Company,wallaroo-hat-company,Apparel,Wholesale/Retail,Boulder,Colorado,10-49,93.1,2014-11-12,https://www.bcorporation.net/en-us/find-a-b-corp/company/wallaroo-hat-company/
Waterlust LLC,waterlust,Apparel,Wholesale/Retail,Miami,Florida,1-9,120.7,2024-03-27,https://www.bcorporation.net/en-us/find-a-b-corp/company/waterlust/
"Wild Rye, PBC",wild-rye-inc,Apparel,Wholesale/Retail,Ketchum,Idaho,10-49,82.8,2022-06-13,https://www.bcorporation.net/en-us/find-a-b-corp/company/wild-rye-inc/
Zusa,zusa,Apparel,Wholesale/Retail,Plymouth,Minnesota,1-9,123.3,2024-01-15,https://www.bcorporation.net/en-us/find-a-b-corp/company/zusa/
better. by BlueStar (BlueStar Marketing),blue-star-marketing,Apparel,Wholesale/Retail,Elkins Park,Pennsylvania,1-9,83.6,2020-07-07,https://www.bcorporation.net/en-us/find-a-b-corp/company/blue-star-marketing/
friend + folk llc,friend-folk-llc,Apparel,Wholesale/Retail,,,0,114.8,2025-05-02,https://www.bcorporation.net/en-us/find-a-b-corp/company/friend-folk-llc/
lemlem,lemlem,Apparel,Wholesale/Retail,New York,New York,1-9,86.3,2026-01-28,https://www.bcorporation.net/en-us/find-a-b-corp/company/lemlem/
ocean+main los angeles,oceanmain-los-angeles,Apparel,Manufacturing,Santa Monica,California,1-9,112.5,2024-02-07,https://www.bcorporation.net/en-us/find-a-b-corp/company/oceanmain-los-angeles/
unspun,unspun,Apparel,Manufacturing,Emeryville,California,50-249,92.2,2022-03-24,https://www.bcorporation.net/en-us/find-a-b-corp/company/unspun/
818 Spirits Inc,818-spirits-inc,Beverages,Wholesale/Retail,Miami Beach,Florida,10-49,96.2,2023-03-05,https://www.bcorporation.net/en-us/find-a-b-corp/company/818-spirits-inc/
Aldea Coffee,aldea-coffee,Beverages,Manufacturing,Grand Haven,Michigan,10-49,113.1,2020-08-31,https://www.bcorporation.net/en-us/find-a-b-corp/company/aldea-coffee/
Allagash Brewing Company,allagash-brewing-company,Beverages,Manufacturing,Portland,Maine,50-249,104,2019-07-21,https://www.bcorporation.net/en-us/find-a-b-corp/company/allagash-brewing-company/
Altos Planos,altos-planos,Beverages,Wholesale/Retail,Dallas,Texas,50-249,85.4,2022-08-15,https://www.bcorporation.net/en-us/find-a-b-corp/company/altos-planos/
Aslan Brewing Company,aslan-brewing-company,Beverages,Manufacturing,Bellingham,Washington,50-249,88.8,2016-01-06,https://www.bcorporation.net/en-us/find-a-b-corp/company/aslan-brewing-company/
"Athletic Brewing Holding Company, LLC",athletic-brewing-company,Beverages,Manufacturing,Milford,Connecticut,250-999,87.6,2022-04-10,https://www.bcorporation.net/en-us/find-a-b-corp/company/athletic-brewing-company/
"BLK & Bold, LLC",blk-bold-specialty-beverages,Beverages,Manufacturing,Des Moines,Iowa,10-49,99.1,2020-07-22,https://www.bcorporation.net/en-us/find-a-b-corp/company/blk-bold-specialty-beverages/
Backyard Beans Coffee Company,backyard-beans-coffee-company,Beverages,Manufacturing,Lansdale,Pennsylvania,10-49,82.7,2024-06-23,https://www.bcorporation.net/en-us/find-a-b-corp/company/backyard-beans-coffee-company/
Bigelow Tea,bigelow-tea,Beverages,Manufacturing,Fairfield,Connecticut,250-999,103.1,2019-04-25,https://www.bcorporation.net/en-us/find-a-b-corp/company/bigelow-tea/
"Biotic Brands, SPC",biotic-brands-s-p-c,Beverages,Wholesale/Retail,Petaluma,California,0,95.4,2020-09-22,https://www.bcorporation.net/en-us/find-a-b-corp/company/biotic-brands-s-p-c/
Boochcraft,boochcraft,Beverages,Manufacturing,Chula Vista,California,50-249,94,2022-05-04,https://www.bcorporation.net/en-us/find-a-b-corp/company/boochcraft/
Boon Boona Coffee,boon-boona-coffee,Beverages,Manufacturing,Renton,Washington,10-49,81.6,2023-05-04,https://www.bcorporation.net/en-us/find-a-b-corp/company/boon-boona-coffee/
Brew Dr. Kombucha,brew-dr-kombucha,Beverages,Manufacturing,Tualatin,Oregon,50-249,110,2018-09-18,https://www.bcorporation.net/en-us/find-a-b-corp/company/brew-dr-kombucha/
Cafe Imports Fulfillment LLC,cafe-imports,Beverages,Wholesale/Retail,Minneapolis,Minnesota,50-249,84.6,2023-10-22,https://www.bcorporation.net/en-us/find-a-b-corp/company/cafe-imports/
Circle,circle,Beverages,Manufacturing,Indianapolis,Indiana,10-49,85.9,2022-10-03,https://www.bcorporation.net/en-us/find-a-b-corp/company/circle/
"Danone Waters of America, Inc.",danone-waters-of-america-inc,Beverages,Wholesale/Retail,White Plains,New York,10-49,85.2,2019-06-09,https://www.bcorporation.net/en-us/find-a-b-corp/company/danone-waters-of-america-inc/
"Devil's Foot Beverage, LLC",devils-foot-beverage-llc,Beverages,Manufacturing,Asheville,North Carolina,1-9,95.3,2026-05-27,https://www.bcorporation.net/en-us/find-a-b-corp/company/devils-foot-beverage-llc/
"Eldorado Artesian Springs, Inc.",eldorado-artesian-springs-inc,Beverages,Manufacturing,Louisville,Colorado,50-249,88.4,2023-03-13,https://www.bcorporation.net/en-us/find-a-b-corp/company/eldorado-artesian-springs-inc/
Enroot Organics PBC,enroot-organics-p-b-c,Beverages,Wholesale/Retail,Los Angeles,California,1-9,91.1,2021-10-13,https://www.bcorporation.net/en-us/find-a-b-corp/company/enroot-organics-p-b-c/
Ethanology LLC,ethanology-distillation,Beverages,Manufacturing,Elk Rapids,Michigan,1-9,95,2023-01-29,https://www.bcorporation.net/en-us/find-a-b-corp/company/ethanology-distillation/
Explorer Cold Brew,explorer-cold-brew,Beverages,Wholesale/Retail,Brooklyn,New York,0,136.7,2026-08-18,https://www.bcorporation.net/en-us/find-a-b-corp/company/explorer-cold-brew/
FAST PENNY SPIRITS,fast-penny-spirits,Beverages,Manufacturing,Seattle,Washington,1-9,102.1,2022-02-22,https://www.bcorporation.net/en-us/find-a-b-corp/company/fast-penny-spirits/
Future Proof Brands,beat-box-beverages,Beverages,Wholesale/Retail,Austin,Texas,50-249,83.6,2023-06-20,https://www.bcorporation.net/en-us/find-a-b-corp/company/beat-box-beverages/
Granny Squibb’s Organic Iced Tea,granny-squibbs-organic-iced-tea,Beverages,Wholesale/Retail,Westerly,Rhode Island,0,127.6,2023-04-24,https://www.bcorporation.net/en-us/find-a-b-corp/company/granny-squibbs-organic-iced-tea/
Grounds for Change,grounds-change,Beverages,Manufacturing,Poulsbo,Washington,1-9,99.6,2010-09-29,https://www.bcorporation.net/en-us/find-a-b-corp/company/grounds-change/
Guayaki Yerba Mate SPC,guayaki-sustainable-rainforest-products,Beverages,Wholesale/Retail,Sebastopol,California,250-999,110.3,2011-03-24,https://www.bcorporation.net/en-us/find-a-b-corp/company/guayaki-sustainable-rainforest-products/
Harmless Harvest,harmless-harvest,Beverages,Wholesale/Retail,Oakland,California,250-999,110.8,2024-12-15,https://www.bcorporation.net/en-us/find-a-b-corp/company/harmless-harvest/
Holistic Spirits Company,holistic-spirits-company,Beverages,Wholesale/Retail,Beltsville,Maryland,1-9,85.6,2024-11-13,https://www.bcorporation.net/en-us/find-a-b-corp/company/holistic-spirits-company/
Hopworks Brewery,hopworks-urban-brewery,Beverages,Manufacturing,Portland,Oregon,50-249,92.4,2015-02-20,https://www.bcorporation.net/en-us/find-a-b-corp/company/hopworks-urban-brewery/
"Inspiro Tequila, LLC",inspiro-tequila-llc,Beverages,Wholesale/Retail,Northbrook,Illinois,1-9,99,2023-08-08,https://www.bcorporation.net/en-us/find-a-b-corp/company/inspiro-tequila-llc/
"JUST Goods, Inc.",just-goods-inc,Beverages,Manufacturing,Queensbury,New York,10-49,82,2017-12-07,https://www.bcorporation.net/en-us/find-a-b-corp/company/just-goods-inc/
"Just Made Foods, LLC",just-made-foods-llc,Beverages,Manufacturing,Houston,Texas,1-9,101.8,2019-09-10,https://www.bcorporation.net/en-us/find-a-b-corp/company/just-made-foods-llc/
"Lakefront Brewery, Inc.",lakefront-brewery-inc,Beverages,Manufacturing,Milwaukee,Wisconsin,50-249,81.5,2020-03-10,https://www.bcorporation.net/en-us/find-a-b-corp/company/lakefront-brewery-inc/
Lawson's Finest Liquids,lawsons-finest-liquids,Beverages,Manufacturing,Waitsfield,Vermont,50-249,91.1,2023-05-03,https://www.bcorporation.net/en-us/find-a-b-corp/company/lawsons-finest-liquids/
Legend Imports,legend-imports,Beverages,Wholesale/Retail,Nashville,Tennessee,0,88.7,2025-06-23,https://www.bcorporation.net/en-us/find-a-b-corp/company/legend-imports/
Liability Brewing Company,liability-brewing-company,Beverages,Manufacturing,Greenville,South Carolina,10-49,86.9,2022-05-26,https://www.bcorporation.net/en-us/find-a-b-corp/company/liability-brewing-company/
Linea Caffe,linea-caffe,Beverages,Manufacturing,San Francisco,California,10-49,84.5,2023-04-05,https://www.bcorporation.net/en-us/find-a-b-corp/company/linea-caffe/
Lost Grove Brewing,lost-grove-brewing,Beverages,Manufacturing,Boise,Idaho,10-49,81.6,2021-12-21,https://www.bcorporation.net/en-us/find-a-b-corp/company/lost-grove-brewing/
MXCO Polanco LLC,mxco-polanco-llc,Beverages,Wholesale/Retail,Gardena,California,0,103.7,2025-03-24,https://www.bcorporation.net/en-us/find-a-b-corp/company/mxco-polanco-llc/
"MadTree Brewing,  LLC",mad-tree-brewing-llc,Beverages,Manufacturing,Cincinnati,Ohio,50-249,83.5,2023-10-29,https://www.bcorporation.net/en-us/find-a-b-corp/company/mad-tree-brewing-llc/
Mainstem Malt,mainstem-malt-spc,Beverages,Wholesale/Retail,Walla Walla,Washington,1-9,81.5,2019-09-05,https://www.bcorporation.net/en-us/find-a-b-corp/company/mainstem-malt-spc/
Maker's Mark Distillery,makers-mark-distillery,Beverages,Manufacturing,Loretto,Kentucky,250-999,87.2,2021-12-19,https://www.bcorporation.net/en-us/find-a-b-corp/company/makers-mark-distillery/
Mamma Chia,mamma-chia,Beverages,Wholesale/Retail,Carlsbad,California,1-9,101.1,2010-05-31,https://www.bcorporation.net/en-us/find-a-b-corp/company/mamma-chia/
Metric,metric-coffee,Beverages,Manufacturing,Chicago,Illinois,10-49,83.1,2022-10-31,https://www.bcorporation.net/en-us/find-a-b-corp/company/metric-coffee/
Montanya Distillers LLC,montanya-distillers-llc,Beverages,Manufacturing,Crested Butte,Colorado,1-9,87.4,2018-10-30,https://www.bcorporation.net/en-us/find-a-b-corp/company/montanya-distillers-llc/
More Life Liquid LLC.,more-life-liquid-llc,Beverages,Manufacturing,Bonita,California,0,83.2,2025-04-10,https://www.bcorporation.net/en-us/find-a-b-corp/company/more-life-liquid-llc/
Mother Kombucha,mother-kombucha,Beverages,Manufacturing,St. Petersburg,Florida,10-49,94.4,2022-08-24,https://www.bcorporation.net/en-us/find-a-b-corp/company/mother-kombucha/
"New Belgium Brewing Co, Inc.",new-belgium-brewing-co-inc,Beverages,Manufacturing,Fort Collins,Colorado,1000+,106.4,2013-01-02,https://www.bcorporation.net/en-us/find-a-b-corp/company/new-belgium-brewing-co-inc/
"North Coast Brewing Co., Inc.",north-coast-brewing-co-inc,Beverages,Manufacturing,Fort Bragg,California,50-249,83,2015-09-08,https://www.bcorporation.net/en-us/find-a-b-corp/company/north-coast-brewing-co-inc/
Numi,numi-organic-tea,Beverages,Wholesale/Retail,Oakland,California,10-49,120.3,2007-12-30,https://www.bcorporation.net/en-us/find-a-b-corp/company/numi-organic-tea/
Nuun,nuun,Beverages,Wholesale/Retail,Seattle,Washington,1-9,86.4,2021-10-27,https://www.bcorporation.net/en-us/find-a-b-corp/company/nuun/
O'Neill Vintners & Distillers,oneill-vintners-distillers,Beverages,Manufacturing,Parlier,California,250-999,114.6,2022-05-15,https://www.bcorporation.net/en-us/find-a-b-corp/company/oneill-vintners-distillers/
OLIPOP,olipop,Beverages,Wholesale/Retail,,,50-249,91,2023-07-11,https://www.bcorporation.net/en-us/find-a-b-corp/company/olipop/
Olympia Coffee,olympia-coffee,Beverages,Manufacturing,Olympia,Washington,50-249,90.9,2019-03-07,https://www.bcorporation.net/en-us/find-a-b-corp/company/olympia-coffee/
Open Water,open-water,Beverages,Wholesale/Retail,Chicago,Illinois,10-49,80.1,2025-10-06,https://www.bcorporation.net/en-us/find-a-b-corp/company/open-water/
Orange Bike Brewing Company,orange-bike-brewing-company,Beverages,Manufacturing,Portland,Maine,10-49,89.6,2026-07-12,https://www.bcorporation.net/en-us/find-a-b-corp/company/orange-bike-brewing-company/
Proud Source Water,proud-source-water,Beverages,Manufacturing,Boise,Idaho,50-249,80.5,2019-07-29,https://www.bcorporation.net/en-us/find-a-b-corp/company/proud-source-water/
Pure Madness Brewery Group,roadhouse-brewing-company-llc,Beverages,Manufacturing,JACKSON HOLE,Wyoming,50-249,110.3,2018-06-28,https://www.bcorporation.net/en-us/find-a-b-corp/company/roadhouse-brewing-company-llc/
ROCKIN' CAT Organic Coffee & Tea,rockin-cat,Beverages,Wholesale/Retail,Pittsburgh,Pennsylvania,1-9,118.1,2021-10-28,https://www.bcorporation.net/en-us/find-a-b-corp/company/rockin-cat/
"Rare Earth Group, INC (DBA: Fraser Tea)",rare-earth-group-inc-dba-fraser-tea,Beverages,Manufacturing,Livonia,Michigan,1-9,109.3,2023-06-20,https://www.bcorporation.net/en-us/find-a-b-corp/company/rare-earth-group-inc-dba-fraser-tea/
Red Bay Coffee,red-bay-coffee,Beverages,Manufacturing,Oakland,California,10-49,93.3,2019-09-08,https://www.bcorporation.net/en-us/find-a-b-corp/company/red-bay-coffee/
SUYO Pisco,unidos-imports-llc,Beverages,Wholesale/Retail,,,0,83.8,2025-04-30,https://www.bcorporation.net/en-us/find-a-b-corp/company/unidos-imports-llc/
Sachai Tea Benefit Corp,sachai-tea-benefit-corp,Beverages,Manufacturing,Birmingham,Alabama,1-9,105.1,2023-09-17,https://www.bcorporation.net/en-us/find-a-b-corp/company/sachai-tea-benefit-corp/
Siponey,siponey,Beverages,Wholesale/Retail,Eastport,New York,0,112,2022-06-08,https://www.bcorporation.net/en-us/find-a-b-corp/company/siponey/
"So Good Brand, Inc. DBA So Good So You",so-good-so-you,Beverages,Manufacturing,Minneapolis,Minnesota,50-249,111.8,2023-01-23,https://www.bcorporation.net/en-us/find-a-b-corp/company/so-good-so-you/
SomethingElse,something-else,Beverages,Wholesale/Retail,Portola Valley,California,0,80.6,2025-06-09,https://www.bcorporation.net/en-us/find-a-b-corp/company/something-else/
Steeped Coffee,steeped-coffee,Beverages,Manufacturing,Scotts Valley,California,10-49,92.6,2019-08-11,https://www.bcorporation.net/en-us/find-a-b-corp/company/steeped-coffee/
Stone Creek Coffee,stone-creek-coffee,Beverages,Manufacturing,Milwaukee,Wisconsin,50-249,92.7,2022-01-03,https://www.bcorporation.net/en-us/find-a-b-corp/company/stone-creek-coffee/
Straightaway Cocktails,straightaway-cocktails,Beverages,Manufacturing,Portland,Oregon,10-49,86.2,2024-04-22,https://www.bcorporation.net/en-us/find-a-b-corp/company/straightaway-cocktails/
The Alchemist,the-alchemist,Beverages,Manufacturing,Stowe,Vermont,10-49,100.7,2017-08-16,https://www.bcorporation.net/en-us/find-a-b-corp/company/the-alchemist/
The Grain Shed,the-grain-shed,Beverages,Manufacturing,Spokane,Washington,10-49,97.8,2022-07-17,https://www.bcorporation.net/en-us/find-a-b-corp/company/the-grain-shed/
The Tea Spot PBC,the-tea-spot-pbc,Beverages,Wholesale/Retail,Louisville,Colorado,10-49,98.7,2011-08-21,https://www.bcorporation.net/en-us/find-a-b-corp/company/the-tea-spot-pbc/
The Vita Coco Company,the-vita-coco-company,Beverages,Wholesale/Retail,New York,New York,250-999,100.9,2021-12-21,https://www.bcorporation.net/en-us/find-a-b-corp/company/the-vita-coco-company/
Traditional Medicinals,traditional-medicinals,Beverages,Manufacturing,Sebastopol,California,50-249,138.3,2010-08-04,https://www.bcorporation.net/en-us/find-a-b-corp/company/traditional-medicinals/
Triple Bottom Brewing,triple-bottom-brewing,Beverages,Manufacturing,Philadelphia,Pennsylvania,10-49,83.6,2021-04-07,https://www.bcorporation.net/en-us/find-a-b-corp/company/triple-bottom-brewing/
Upslope Brewing Company,upslope-brewing-company,Beverages,Manufacturing,,,10-49,83.8,2018-04-26,https://www.bcorporation.net/en-us/find-a-b-corp/company/upslope-brewing-company/
"Waiakea, Inc",waiakea-inc,Beverages,Manufacturing,Hilo,Hawaii,50-249,126.6,2025-06-26,https://www.bcorporation.net/en-us/find-a-b-corp/company/waiakea-inc/
Westland Distillery,the-westland-distillery-co-ltd,Beverages,Manufacturing,Seattle,Washington,10-49,103.1,2024-01-31,https://www.bcorporation.net/en-us/find-a-b-corp/company/the-westland-distillery-co-ltd/
White Mountain Chaga LLC,peak-state,Beverages,Manufacturing,Boulder,Colorado,0,121.2,2025-06-16,https://www.bcorporation.net/en-us/find-a-b-corp/company/peak-state/
ZYN,zyn,Beverages,Wholesale/Retail,Milwaukee,Wisconsin,1-9,102.1,2018-10-17,https://www.bcorporation.net/en-us/find-a-b-corp/company/zyn/
Zevia PBC,zevia,Beverages,Wholesale/Retail,,,50-249,88.1,2021-06-14,https://www.bcorporation.net/en-us/find-a-b-corp/company/zevia/
eightbillion.com LLC,eight-billion-stories-ltd,Beverages,Wholesale/Retail,Seattle,Washington,1-9,94.2,2024-01-02,https://www.bcorporation.net/en-us/find-a-b-corp/company/eight-billion-stories-ltd/
All Good Books LLC,all-good-books-llc,Books or other media,Wholesale/Retail,Columbia,South Carolina,1-9,80.5,2026-02-01,https://www.bcorporation.net/en-us/find-a-b-corp/company/all-good-books-llc/
Better World Books,better-world-books,Books or other media,Wholesale/Retail,Mishawaka,Indiana,250-999,122.7,2008-06-29,https://www.bcorporation.net/en-us/find-a-b-corp/company/better-world-books/
Build It Boldly LLC,build-it-boldly-llc,Books or other media,Wholesale/Retail,New Castle,Delaware,0,95.1,2026-04-07,https://www.bcorporation.net/en-us/find-a-b-corp/company/build-it-boldly-llc/
"Gibbs M. Smith, Inc.",gibbs-m-smith-inc,Books or other media,Wholesale/Retail,Kaysville,Utah,50-249,108,2023-02-03,https://www.bcorporation.net/en-us/find-a-b-corp/company/gibbs-m-smith-inc/
Instructional Coaching Group,instructional-coaching-group,Books or other media,Wholesale/Retail,North Loup,Nebraska,10-49,83.9,2023-05-02,https://www.bcorporation.net/en-us/find-a-b-corp/company/instructional-coaching-group/
Blueland,one-home-brands-inc,Cleaning products,Wholesale/Retail,New York,New York,10-49,110,2021-03-11,https://www.bcorporation.net/en-us/find-a-b-corp/company/one-home-brands-inc/
"Dropps, PBC",dropps,Cleaning products,Wholesale/Retail,Elmhurst IL,Illinois,10-49,90.9,2022-12-15,https://www.bcorporation.net/en-us/find-a-b-corp/company/dropps/
"Earth Breeze, Inc.",earth-breeze-inc,Cleaning products,Wholesale/Retail,Sanford,North Carolina,50-249,107.1,2023-10-10,https://www.bcorporation.net/en-us/find-a-b-corp/company/earth-breeze-inc/
EcoLogic Solutions Inc.,ecologic-solutions-inc,Cleaning products,Wholesale/Retail,Brooklyn,New York,10-49,83,2011-09-08,https://www.bcorporation.net/en-us/find-a-b-corp/company/ecologic-solutions-inc/
Full Circle,full-circle-home,Cleaning products,Wholesale/Retail,New York,New York,10-49,89.5,2013-06-27,https://www.bcorporation.net/en-us/find-a-b-corp/company/full-circle-home/
Grove Collaborative Inc.,grove-collaborative,Cleaning products,Wholesale/Retail,San Francisco,California,250-999,100.9,2014-06-04,https://www.bcorporation.net/en-us/find-a-b-corp/company/grove-collaborative/
Jason Markk,jason-markk,Cleaning products,Wholesale/Retail,Norwalk,California,10-49,88.9,2023-08-02,https://www.bcorporation.net/en-us/find-a-b-corp/company/jason-markk/
Meliora Cleaning Products,meliora-cleaning-products,Cleaning products,Manufacturing,,,10-49,100.7,2015-04-30,https://www.bcorporation.net/en-us/find-a-b-corp/company/meliora-cleaning-products/
Rebel Green,rebel-green,Cleaning products,Wholesale/Retail,Mequon,Wisconsin,1-9,84.5,2019-11-05,https://www.bcorporation.net/en-us/find-a-b-corp/company/rebel-green/
Remedii Products,remedii-products,Cleaning products,Manufacturing,Philadelphia,Pennsylvania,0,84.1,2026-03-31,https://www.bcorporation.net/en-us/find-a-b-corp/company/remedii-products/
Seventh Generation,seventh-generation,Cleaning products,Wholesale/Retail,Burlington,Vermont,50-249,100.6,2007-05-17,https://www.bcorporation.net/en-us/find-a-b-corp/company/seventh-generation/
UNNI Corporation,unni-corporation,Cleaning products,Wholesale/Retail,San Francisco,California,0,100.7,2026-01-27,https://www.bcorporation.net/en-us/find-a-b-corp/company/unni-corporation/
Actus Nutrition,actus-nutrition,Food products,Manufacturing,Eden Prairie,Minnesota,1000+,81.2,2026-05-17,https://www.bcorporation.net/en-us/find-a-b-corp/company/actus-nutrition/
Aloha,aloha,Food products,Wholesale/Retail,Darien,Connecticut,10-49,106.2,2020-11-30,https://www.bcorporation.net/en-us/find-a-b-corp/company/aloha/
Alter Eco LLC,alter-eco,Food products,Wholesale/Retail,Houston,Texas,1-9,157.1,2009-01-10,https://www.bcorporation.net/en-us/find-a-b-corp/company/alter-eco/
Amavida Coffee and Trading Company,amavida-coffee-and-trading,Food products,Manufacturing,Santa Rosa Beach,Florida,10-49,111.2,2014-04-30,https://www.bcorporation.net/en-us/find-a-b-corp/company/amavida-coffee-and-trading/
"American Halal Company, PBC D/B/A Saffron Road Foods",american-halal-company-pbc-dba-saffron-road-foods,Food products,Wholesale/Retail,Stamford,Connecticut,10-49,92.5,2022-12-20,https://www.bcorporation.net/en-us/find-a-b-corp/company/american-halal-company-pbc-dba-saffron-road-foods/
Amy's Kitchen,amys-kitchen,Food products,Manufacturing,Petaluma,California,1000+,107.5,2020-09-20,https://www.bcorporation.net/en-us/find-a-b-corp/company/amys-kitchen/
Barnana,barnana,Food products,Wholesale/Retail,Los Angeles,California,10-49,92.6,2016-03-08,https://www.bcorporation.net/en-us/find-a-b-corp/company/barnana/
Barvecue,barvecue,Food products,Manufacturing,Cornelius,North Carolina,1-9,101.9,2023-04-18,https://www.bcorporation.net/en-us/find-a-b-corp/company/barvecue/
"Bear Lake Coffee Company, LLC",bear-lake-coffee-company-llc,Food products,Wholesale/Retail,Barronett,Wisconsin,0,108.9,2024-02-26,https://www.bcorporation.net/en-us/find-a-b-corp/company/bear-lake-coffee-company-llc/
Bee Squared Apiaries,bee-squared-apiaries,Food products,Manufacturing,Berthoud,Colorado,1-9,91.6,2022-12-05,https://www.bcorporation.net/en-us/find-a-b-corp/company/bee-squared-apiaries/
"Beehive Cheese Company, BLLC",beehive-cheese-company-llc,Food products,Manufacturing,Uintah,Utah,10-49,83.6,2023-03-13,https://www.bcorporation.net/en-us/find-a-b-corp/company/beehive-cheese-company-llc/
"Ben & Jerry's Homemade, Inc.",ben-and-jerrys,Food products,Manufacturing,South Burlington,Vermont,250-999,96,2012-09-16,https://www.bcorporation.net/en-us/find-a-b-corp/company/ben-and-jerrys/
Bi-Rite Market,bi-rite-market,Food products,Manufacturing,San Francisco,California,250-999,90.4,2015-08-16,https://www.bcorporation.net/en-us/find-a-b-corp/company/bi-rite-market/
Big Spoon Roasters,big-spoon-roasters,Food products,Manufacturing,Hillsborough,North Carolina,10-49,87.5,2025-11-16,https://www.bcorporation.net/en-us/find-a-b-corp/company/big-spoon-roasters/
Bluebird Botanicals,bluebird-botanicals,Food products,Manufacturing,Louisville,Colorado,1-9,82.6,2019-12-04,https://www.bcorporation.net/en-us/find-a-b-corp/company/bluebird-botanicals/
Bona Furtuna,bona-furtuna-north-america-l-l-c,Food products,Wholesale/Retail,Jackson,Wyoming,1-9,94.2,2021-11-26,https://www.bcorporation.net/en-us/find-a-b-corp/company/bona-furtuna-north-america-l-l-c/
Bonduelle Americas US,ready-pac-foods-inc,Food products,Manufacturing,Irwindale,California,1000+,84.7,2022-11-21,https://www.bcorporation.net/en-us/find-a-b-corp/company/ready-pac-foods-inc/
"Bragg Live Food Products, LLC.",bragg-live-food-products-llc,Food products,Wholesale/Retail,Santa Barbara,California,50-249,87.4,2024-04-15,https://www.bcorporation.net/en-us/find-a-b-corp/company/bragg-live-food-products-llc/
Bridgetown Natural Foods,bridgetown-natural-foods,Food products,Manufacturing,Portland,Oregon,250-999,121.5,2014-01-26,https://www.bcorporation.net/en-us/find-a-b-corp/company/bridgetown-natural-foods/
ButcherBox,butcher-box,Food products,Wholesale/Retail,Watertown,Massachusetts,50-249,98.7,2020-11-11,https://www.bcorporation.net/en-us/find-a-b-corp/company/butcher-box/
CHOMPS,chomps,Food products,Wholesale/Retail,Naples,Florida,50-249,87.4,2025-04-03,https://www.bcorporation.net/en-us/find-a-b-corp/company/chomps/
Cabot Creamery Cooperative,cabot-creamery-co-operative,Food products,Manufacturing,,,250-999,85.6,2012-08-20,https://www.bcorporation.net/en-us/find-a-b-corp/company/cabot-creamery-co-operative/
Cafe Campesino and Sweetwater Organic Coffee,cafe-campesino-and-sweetwater-organic-coffee,Food products,Manufacturing,Americus,Georgia,10-49,99.7,2017-01-23,https://www.bcorporation.net/en-us/find-a-b-corp/company/cafe-campesino-and-sweetwater-organic-coffee/
Chabaso Bakery,chabaso-bakery,Food products,Manufacturing,New Haven,Connecticut,50-249,83.2,2022-10-11,https://www.bcorporation.net/en-us/find-a-b-corp/company/chabaso-bakery/
Champlain Chocolate Company,lake-champlain-chocolates,Food products,Manufacturing,Williston,Vermont,50-249,101.9,2018-05-10,https://www.bcorporation.net/en-us/find-a-b-corp/company/lake-champlain-chocolates/
Chocolat-e Inc,chocolat-e-inc,Food products,Wholesale/Retail,Sandy,Oregon,0,80.1,2025-01-01,https://www.bcorporation.net/en-us/find-a-b-corp/company/chocolat-e-inc/
Chosen Foods,chosen-foods,Food products,Wholesale/Retail,San DIego,California,50-249,80.5,2024-04-14,https://www.bcorporation.net/en-us/find-a-b-corp/company/chosen-foods/
Clover Sonoma,clover-sonoma,Food products,Manufacturing,Petaluma,California,50-249,92.7,2016-12-26,https://www.bcorporation.net/en-us/find-a-b-corp/company/clover-sonoma/
"Co North, Inc.",natural-force-benefit-co,Food products,Wholesale/Retail,Jacksonville,Florida,1-9,87.8,2018-05-22,https://www.bcorporation.net/en-us/find-a-b-corp/company/natural-force-benefit-co/
Coop's,greylock-enterprises-inc,Food products,Manufacturing,Newton,Massachusetts,0,96,2023-10-24,https://www.bcorporation.net/en-us/find-a-b-corp/company/greylock-enterprises-inc/
"Cooperative Coffees, Inc",cooperative-coffees-inc,Food products,Wholesale/Retail,Americus,Georgia,1-9,91.6,2018-09-19,https://www.bcorporation.net/en-us/find-a-b-corp/company/cooperative-coffees-inc/
"Counter Culture Coffee, Inc.",counter-culture-coffee-inc,Food products,Manufacturing,Durham,North Carolina,50-249,91.9,2020-09-23,https://www.bcorporation.net/en-us/find-a-b-corp/company/counter-culture-coffee-inc/
Cure Hydration,cure-hydration,Food products,Wholesale/Retail,New York,New York,1-9,87.6,2025-01-08,https://www.bcorporation.net/en-us/find-a-b-corp/company/cure-hydration/
Curio Spice Co.,curio-spice-co,Food products,Manufacturing,Cambridge,Massachusetts,10-49,85.2,2019-10-13,https://www.bcorporation.net/en-us/find-a-b-corp/company/curio-spice-co/
Danone USA PBC,danone-north-america,Food products,Manufacturing,White Plains,New York,1000+,103.3,2018-04-01,https://www.bcorporation.net/en-us/find-a-b-corp/company/danone-north-america/
"Davis Veterinary Medical Consulting, Inc.",balance-it,Food products,Manufacturing,Davis,California,10-49,81.7,2025-03-02,https://www.bcorporation.net/en-us/find-a-b-corp/company/balance-it/
Devoción USA,devocion-usa,Food products,Manufacturing,,,50-249,100.5,2022-09-18,https://www.bcorporation.net/en-us/find-a-b-corp/company/devocion-usa/
"Earth Animal Ventures, Inc",earth-animal,Food products,Wholesale/Retail,Southport,Connecticut,50-249,86.3,2022-10-10,https://www.bcorporation.net/en-us/find-a-b-corp/company/earth-animal/
East West Tea Co. LLC,yogi-tea-us,Food products,Manufacturing,Eugene,Oregon,50-249,129.3,2014-06-22,https://www.bcorporation.net/en-us/find-a-b-corp/company/yogi-tea-us/
"Equator Coffees, LLC",equator-coffees-teas-inc,Food products,Manufacturing,San Rafael,California,50-249,90.4,2011-12-22,https://www.bcorporation.net/en-us/find-a-b-corp/company/equator-coffees-teas-inc/
Erewhon,erewhon,Food products,Wholesale/Retail,Los Angeles,California,1000+,83.6,2021-06-23,https://www.bcorporation.net/en-us/find-a-b-corp/company/erewhon/
"Evermore Pet Food, Inc.",evermore-pet-food-inc,Food products,Wholesale/Retail,OLIVEBRIDGE,New York,1-9,85.8,2025-09-29,https://www.bcorporation.net/en-us/find-a-b-corp/company/evermore-pet-food-inc/
Firsthand Foods,firsthand-foods,Food products,Wholesale/Retail,Durham,North Carolina,1-9,101.9,2022-06-11,https://www.bcorporation.net/en-us/find-a-b-corp/company/firsthand-foods/
Fly By Jing,fly-by-jing,Food products,Wholesale/Retail,Los Angeles,California,10-49,80.1,2023-01-08,https://www.bcorporation.net/en-us/find-a-b-corp/company/fly-by-jing/
Frisky Cow Farm Products,frisky-cow-farm-products,Food products,Manufacturing,Keene,New Hampshire,0,114.8,2022-03-16,https://www.bcorporation.net/en-us/find-a-b-corp/company/frisky-cow-farm-products/
GOOD Worldwide Inc.,good-worldwide-inc,Food products,Wholesale/Retail,Los Angeles,California,10-49,89.8,2012-09-20,https://www.bcorporation.net/en-us/find-a-b-corp/company/good-worldwide-inc/
Garden of Life US,garden-of-life-llc,Food products,Wholesale/Retail,Palm Beach Gardens,Florida,50-249,106.2,2015-05-20,https://www.bcorporation.net/en-us/find-a-b-corp/company/garden-of-life-llc/
"Gifted Breads, LLC",gifted-breads-llc,Food products,Manufacturing,Chicago,Illinois,1-9,86.7,2026-01-14,https://www.bcorporation.net/en-us/find-a-b-corp/company/gifted-breads-llc/
GloryBee,glorybee,Food products,Manufacturing,Eugene,Oregon,50-249,92.3,2016-01-12,https://www.bcorporation.net/en-us/find-a-b-corp/company/glorybee/
Go Raw,steves-real-food,Food products,Wholesale/Retail,Cottonwood Heights,Utah,10-49,89.2,2026-06-16,https://www.bcorporation.net/en-us/find-a-b-corp/company/steves-real-food/
Good Culture,good-culture,Food products,Wholesale/Retail,Irvine,California,10-49,81.1,2020-04-27,https://www.bcorporation.net/en-us/find-a-b-corp/company/good-culture/
GoodPop,goodpop,Food products,Wholesale/Retail,Austin,Texas,10-49,98.8,2017-06-05,https://www.bcorporation.net/en-us/find-a-b-corp/company/goodpop/
"Gourmend Foods, LLC",gourmend-foods-llc,Food products,Wholesale/Retail,New York,New York,1-9,114,2022-11-15,https://www.bcorporation.net/en-us/find-a-b-corp/company/gourmend-foods-llc/
"Grace Farms Foods, LLC",grace-farms-foods-llc,Food products,Wholesale/Retail,New Canaan,Connecticut,1-9,124.9,2022-09-22,https://www.bcorporation.net/en-us/find-a-b-corp/company/grace-farms-foods-llc/
Grand Central Bakery,grand-central-bakery,Food products,Manufacturing,Portland,Oregon,250-999,90.4,2018-07-25,https://www.bcorporation.net/en-us/find-a-b-corp/company/grand-central-bakery/
"Greyston Bakery, Inc.",greyston-bakery-inc,Food products,Manufacturing,Yonkers,New York,50-249,124.3,2008-06-29,https://www.bcorporation.net/en-us/find-a-b-corp/company/greyston-bakery-inc/
Groundwork Coffee Roasters LLC,groundwork-coffee-holdings-llc,Food products,Manufacturing,North Hollywood,California,50-249,95,2022-06-06,https://www.bcorporation.net/en-us/find-a-b-corp/company/groundwork-coffee-holdings-llc/
Handsome Brook Farms,handsome-brook-farms,Food products,Manufacturing,NY,New York,50-249,99,2021-03-29,https://www.bcorporation.net/en-us/find-a-b-corp/company/handsome-brook-farms/
Happy Family Organics,happy-family-brands,Food products,Wholesale/Retail,White Plains,New York,50-249,111.8,2011-05-11,https://www.bcorporation.net/en-us/find-a-b-corp/company/happy-family-brands/
Happy Valley Meat Company,happy-valley-meat-company,Food products,Wholesale/Retail,Brooklyn,New York,1-9,96.5,2015-07-05,https://www.bcorporation.net/en-us/find-a-b-corp/company/happy-valley-meat-company/
Hawthorne Foods,farm-ferments,Food products,Manufacturing,Hudson,New York,10-49,80.1,2023-01-08,https://www.bcorporation.net/en-us/find-a-b-corp/company/farm-ferments/
Herbalist & Alchemist,herbalist-alchemist,Food products,Manufacturing,Washington,New Jersey,10-49,88.7,2010-07-08,https://www.bcorporation.net/en-us/find-a-b-corp/company/herbalist-alchemist/
"Homefree, LLC",homefree,Food products,Manufacturing,Windham,New Hampshire,10-49,90.3,2011-09-28,https://www.bcorporation.net/en-us/find-a-b-corp/company/homefree/
"Horizon Organic Dairy, LLC",horizon-organic,Food products,Manufacturing,Broomfield,Colorado,250-999,95.5,2024-07-09,https://www.bcorporation.net/en-us/find-a-b-corp/company/horizon-organic/
"IND HEMP, LLC",ind-hemp-llc,Food products,Manufacturing,,,10-49,80.2,2024-03-11,https://www.bcorporation.net/en-us/find-a-b-corp/company/ind-hemp-llc/
Ingenuity Foods,brainiac-kids,Food products,Wholesale/Retail,South San Francisco,California,10-49,87.9,2019-08-01,https://www.bcorporation.net/en-us/find-a-b-corp/company/brainiac-kids/
Jeni's Ice Creams,jenis-splendid-ice-creams,Food products,Wholesale/Retail,Columbus,Ohio,250-999,80.8,2013-12-30,https://www.bcorporation.net/en-us/find-a-b-corp/company/jenis-splendid-ice-creams/
"Kalsec, Inc.",kalsec,Food products,Manufacturing,Kalamazoo,Michigan,250-999,100.8,2020-04-22,https://www.bcorporation.net/en-us/find-a-b-corp/company/kalsec/
"KeHE Distributors, LLC",kehe,Food products,Wholesale/Retail,Naperville,Illinois,1000+,109.1,2015-11-29,https://www.bcorporation.net/en-us/find-a-b-corp/company/kehe/
King Arthur Baking Company,king-arthur-baking-company,Food products,Manufacturing,,,250-999,116.4,2007-05-28,https://www.bcorporation.net/en-us/find-a-b-corp/company/king-arthur-baking-company/
Kuli Kuli Foods,kuli-kuli,Food products,Wholesale/Retail,San Francisco,California,1-9,111.1,2014-05-01,https://www.bcorporation.net/en-us/find-a-b-corp/company/kuli-kuli/
LOVE CORN,love-corn,Food products,Wholesale/Retail,Ho-Ho-Kus,New Jersey,10-49,83.2,2026-06-05,https://www.bcorporation.net/en-us/find-a-b-corp/company/love-corn/
"Lactalis US Yogurt, Inc. d/b/a Stonyfield Farm, Inc.",stonyfield-farm,Food products,Manufacturing,Londonderry,New Hampshire,250-999,97.3,2016-12-27,https://www.bcorporation.net/en-us/find-a-b-corp/company/stonyfield-farm/
Larry's Beans Inc,larrys-coffee,Food products,Manufacturing,Raleigh,North Carolina,10-49,113.9,2011-03-06,https://www.bcorporation.net/en-us/find-a-b-corp/company/larrys-coffee/
Last Mile Cafe,last-mile-cafe,Food products,Manufacturing,Grand Rapids,Michigan,1-9,95.4,2023-04-26,https://www.bcorporation.net/en-us/find-a-b-corp/company/last-mile-cafe/
Lotus Foods,lotus-foods,Food products,Wholesale/Retail,Richmond,California,10-49,105.3,2012-02-13,https://www.bcorporation.net/en-us/find-a-b-corp/company/lotus-foods/
"Love Grown, Inc.",love-grown,Food products,Wholesale/Retail,New York,New York,10-49,105.2,2022-09-26,https://www.bcorporation.net/en-us/find-a-b-corp/company/love-grown/
Lovebiotics LLC d/b/a The Coconut Cult,lovebiotics-llc,Food products,Manufacturing,,,10-49,95.9,2023-08-02,https://www.bcorporation.net/en-us/find-a-b-corp/company/lovebiotics-llc/
Luke's Lobster,lukes-lobster,Food products,Manufacturing,Saco,Maine,50-249,101.4,2018-01-22,https://www.bcorporation.net/en-us/find-a-b-corp/company/lukes-lobster/
"MRO MaryRuth, LLC",mro-mary-ruth-llc,Food products,Wholesale/Retail,Los Angeles,California,50-249,81.6,2023-07-05,https://www.bcorporation.net/en-us/find-a-b-corp/company/mro-mary-ruth-llc/
Masienda,masienda,Food products,Wholesale/Retail,Los Angeles,California,10-49,103.7,2025-09-29,https://www.bcorporation.net/en-us/find-a-b-corp/company/masienda/
Maud Borup Inc.,maud-borup-inc,Food products,Manufacturing,Plymouth,Minnesota,250-999,84.3,2022-06-28,https://www.bcorporation.net/en-us/find-a-b-corp/company/maud-borup-inc/
NadaMoo!,nada-moo,Food products,Wholesale/Retail,Austin,Texas,10-49,94.9,2018-09-22,https://www.bcorporation.net/en-us/find-a-b-corp/company/nada-moo/
Narrative Food,out-of-the-box-collective,Food products,Wholesale/Retail,Deer Isle,Maine,0,113.8,2013-12-15,https://www.bcorporation.net/en-us/find-a-b-corp/company/out-of-the-box-collective/
Navitas Organics,navitas-organics,Food products,Wholesale/Retail,Novato,California,10-49,113.2,2016-07-21,https://www.bcorporation.net/en-us/find-a-b-corp/company/navitas-organics/
Needed PBC,needed-pbc,Food products,Wholesale/Retail,Los Angeles,California,10-49,87.3,2022-04-18,https://www.bcorporation.net/en-us/find-a-b-corp/company/needed-pbc/
Nepal Tea Collective,nepal-tea-collective,Food products,Wholesale/Retail,Long Island City,New York,10-49,114.3,2025-05-21,https://www.bcorporation.net/en-us/find-a-b-corp/company/nepal-tea-collective/
Nestlé Health Science US,nestle-health-science-us,Food products,Manufacturing,Bridgewater,New Jersey,1000+,89.1,2022-11-16,https://www.bcorporation.net/en-us/find-a-b-corp/company/nestle-health-science-us/
"New Chapter, Inc",new-chapter-inc,Food products,Manufacturing,Brattleboro,Vermont,50-249,104.7,2014-02-09,https://www.bcorporation.net/en-us/find-a-b-corp/company/new-chapter-inc/
New Seasons Market,new-seasons-market,Food products,Wholesale/Retail,Portland,Oregon,1000+,81.7,2013-03-12,https://www.bcorporation.net/en-us/find-a-b-corp/company/new-seasons-market/
OLLY PBC,olly,Food products,Wholesale/Retail,San Francisco,California,50-249,97.1,2017-12-17,https://www.bcorporation.net/en-us/find-a-b-corp/company/olly/
ORGANIC INDIA USA,organic-india-usa,Food products,Wholesale/Retail,Boulder,Colorado,10-49,125.8,2015-08-24,https://www.bcorporation.net/en-us/find-a-b-corp/company/organic-india-usa/
Once Upon a Farm PBC,once-upon-a-farm-llc,Food products,Wholesale/Retail,Berkeley,California,50-249,102.2,2017-11-20,https://www.bcorporation.net/en-us/find-a-b-corp/company/once-upon-a-farm-llc/
One Mighty Mill,one-mighty-mill,Food products,Manufacturing,Lynn,Massachusetts,10-49,85.8,2020-10-13,https://www.bcorporation.net/en-us/find-a-b-corp/company/one-mighty-mill/
Oregon Ice Cream,oregon-ice-cream,Food products,Manufacturing,Eugene,Oregon,50-249,89.9,2025-01-08,https://www.bcorporation.net/en-us/find-a-b-corp/company/oregon-ice-cream/
Orgain,orgain,Food products,Wholesale/Retail,Irvine,California,50-249,90.4,2022-12-19,https://www.bcorporation.net/en-us/find-a-b-corp/company/orgain/
"Partake Foods, Inc.",partake-foods-inc,Food products,Wholesale/Retail,New York,New York,10-49,87.1,2022-12-01,https://www.bcorporation.net/en-us/find-a-b-corp/company/partake-foods-inc/
Pathmore Food Group d/b/a Inked Bread Co.,pathmore-food-group,Food products,Wholesale/Retail,Petaluma,California,10-49,83.8,2022-10-16,https://www.bcorporation.net/en-us/find-a-b-corp/company/pathmore-food-group/
Petaluma,petaluma,Food products,Wholesale/Retail,Oakland,California,0,104.4,2022-03-15,https://www.bcorporation.net/en-us/find-a-b-corp/company/petaluma/
"Pete and Gerry's Organics, LLC",pete-gerrys-organics-llc,Food products,Manufacturing,Salem,New Hampshire,250-999,90.4,2013-05-06,https://www.bcorporation.net/en-us/find-a-b-corp/company/pete-gerrys-organics-llc/
Pitaya Foods,pitaya-plus,Food products,Wholesale/Retail,San Diego,California,10-49,80.3,2017-09-20,https://www.bcorporation.net/en-us/find-a-b-corp/company/pitaya-plus/
Popzup Popcorn,popzup-popcorn,Food products,Manufacturing,Somersworth,New Hampshire,1-9,86.1,2026-02-22,https://www.bcorporation.net/en-us/find-a-b-corp/company/popzup-popcorn/
Pure Synergy,pure-synergy,Food products,Manufacturing,Moab,Utah,50-249,111.3,2021-07-29,https://www.bcorporation.net/en-us/find-a-b-corp/company/pure-synergy/
Purely Elizabeth LLC,purely-elizabeth,Food products,Wholesale/Retail,,,10-49,93.1,2015-02-01,https://www.bcorporation.net/en-us/find-a-b-corp/company/purely-elizabeth/
Purity Coffee,purity-coffee,Food products,Wholesale/Retail,Greenville,South Carolina,10-49,107.2,2024-10-23,https://www.bcorporation.net/en-us/find-a-b-corp/company/purity-coffee/
Quinn Foods,quinn-foods-wholesale-track,Food products,Wholesale/Retail,Boulder,Colorado,10-49,83.2,2023-10-12,https://www.bcorporation.net/en-us/find-a-b-corp/company/quinn-foods-wholesale-track/
R. Torre & Company,torani,Food products,Manufacturing,San Leandro,California,250-999,89.6,2019-01-30,https://www.bcorporation.net/en-us/find-a-b-corp/company/torani/
Revolution Foods,revolution-foods,Food products,Manufacturing,Commerce,California,250-999,98.1,2011-03-24,https://www.bcorporation.net/en-us/find-a-b-corp/company/revolution-foods/
Rhino Foods,rhino-foods,Food products,Manufacturing,,,50-249,90.1,2013-08-26,https://www.bcorporation.net/en-us/find-a-b-corp/company/rhino-foods/
RidgeCrest Herbals,ridge-crest-herbals,Food products,Wholesale/Retail,Salt Lake City,Utah,10-49,80.3,2023-08-20,https://www.bcorporation.net/en-us/find-a-b-corp/company/ridge-crest-herbals/
"Ripple Foods, PBC",ripple-foods-pbc,Food products,Wholesale/Retail,Berkeley,California,50-249,106.9,2016-09-12,https://www.bcorporation.net/en-us/find-a-b-corp/company/ripple-foods-pbc/
Rubicon Bakers,rubicon-bakers,Food products,Manufacturing,Richmond,California,250-999,82.1,2012-04-27,https://www.bcorporation.net/en-us/find-a-b-corp/company/rubicon-bakers/
Scratch and Peck Feeds,scratch-and-peck-feeds,Food products,Manufacturing,Burlington,Washington,10-49,85.9,2017-03-15,https://www.bcorporation.net/en-us/find-a-b-corp/company/scratch-and-peck-feeds/
Sea to Table,sea-to-table,Food products,Wholesale/Retail,Kingston,New York,1-9,100.8,2012-08-19,https://www.bcorporation.net/en-us/find-a-b-corp/company/sea-to-table/
Sencha Naturals,sencha-naturals,Food products,Manufacturing,Los Angeles,California,10-49,81.6,2012-05-22,https://www.bcorporation.net/en-us/find-a-b-corp/company/sencha-naturals/
Seven Sundays,seven-sundays,Food products,Wholesale/Retail,Minneapolis,Minnesota,1-9,95.5,2019-08-22,https://www.bcorporation.net/en-us/find-a-b-corp/company/seven-sundays/
Shine Pet Food Co,martys-meals-inc,Food products,Manufacturing,SANTA FE,New Mexico,10-49,101.5,2022-11-28,https://www.bcorporation.net/en-us/find-a-b-corp/company/martys-meals-inc/
Simek's,simeks,Food products,Wholesale/Retail,Saint Paul Park,Minnesota,1-9,86.5,2022-11-20,https://www.bcorporation.net/en-us/find-a-b-corp/company/simeks/
SoFine Food dba Dress It Up Dressing,sofine-food,Food products,Wholesale/Retail,Bethesda,Maryland,1-9,94.6,2016-10-27,https://www.bcorporation.net/en-us/find-a-b-corp/company/sofine-food/
Stumptown Coffee Roasters,stumptown-coffee-roasters,Food products,Manufacturing,Portland,Oregon,50-249,104.9,2018-06-20,https://www.bcorporation.net/en-us/find-a-b-corp/company/stumptown-coffee-roasters/
Sweet Life Baking LLC dba Feed Your Soul,feed-your-soul-llc,Food products,Wholesale/Retail,Longboat Key,Florida,1-9,98,2022-10-24,https://www.bcorporation.net/en-us/find-a-b-corp/company/feed-your-soul-llc/
Sweet Origins,sweet-origins,Food products,Wholesale/Retail,New York,New York,0,82.5,2020-08-31,https://www.bcorporation.net/en-us/find-a-b-corp/company/sweet-origins/
TCHO Chocolate,t-c-h-o-ventures-inc,Food products,Manufacturing,Berkeley,California,10-49,103.5,2021-09-21,https://www.bcorporation.net/en-us/find-a-b-corp/company/t-c-h-o-ventures-inc/
Tatemada LLC,siembra-y-cosecha-llc,Food products,Manufacturing,Wesalco,Texas,10-49,102.7,2022-05-25,https://www.bcorporation.net/en-us/find-a-b-corp/company/siembra-y-cosecha-llc/
The FruitGuys,the-fruit-guys,Food products,Wholesale/Retail,San Bruno,California,50-249,87.9,2019-08-26,https://www.bcorporation.net/en-us/find-a-b-corp/company/the-fruit-guys/
The GFB,the-gfb,Food products,Manufacturing,Grand Rapids,Michigan,10-49,80.5,2015-10-25,https://www.bcorporation.net/en-us/find-a-b-corp/company/the-gfb/
The Honest Bison,the-honest-bison,Food products,Wholesale/Retail,Camas,Washington,1-9,109.6,2023-04-16,https://www.bcorporation.net/en-us/find-a-b-corp/company/the-honest-bison/
Thread Coffee Roasters,thread-coffee-roasters,Food products,Manufacturing,Baltimore,Maryland,1-9,100.7,2021-01-14,https://www.bcorporation.net/en-us/find-a-b-corp/company/thread-coffee-roasters/
Thrive Market,thrive-market,Food products,Wholesale/Retail,Los Angeles,California,250-999,112.2,2020-10-11,https://www.bcorporation.net/en-us/find-a-b-corp/company/thrive-market/
Tillamook County Creamery Association,tillamook-county-creamery-association,Food products,Manufacturing,Tillamook,Oregon,1000+,94.1,2020-10-26,https://www.bcorporation.net/en-us/find-a-b-corp/company/tillamook-county-creamery-association/
Tribe Organics,triibe-inc,Food products,Wholesale/Retail,New York,New York,1-9,81.7,2024-02-20,https://www.bcorporation.net/en-us/find-a-b-corp/company/triibe-inc/
True Grace,true-grace,Food products,Wholesale/Retail,Pewaukee,Wisconsin,1-9,90.5,2023-03-27,https://www.bcorporation.net/en-us/find-a-b-corp/company/true-grace/
Urban Remedy,urban-remedy,Food products,Manufacturing,,,50-249,82,2018-02-13,https://www.bcorporation.net/en-us/find-a-b-corp/company/urban-remedy/
Vermont Creamery,vermont-creamery,Food products,Manufacturing,Websterville,Vermont,50-249,89.8,2014-01-08,https://www.bcorporation.net/en-us/find-a-b-corp/company/vermont-creamery/
Vital Proteins LLC,vital-proteins-llc,Food products,Wholesale/Retail,Chicago,Illinois,250-999,80.6,2022-11-16,https://www.bcorporation.net/en-us/find-a-b-corp/company/vital-proteins-llc/
Walden Local Meat,walden-local-meat,Food products,Wholesale/Retail,Tewksbury,Massachusetts,50-249,82.8,2017-04-04,https://www.bcorporation.net/en-us/find-a-b-corp/company/walden-local-meat/
ZEGO LLC,zego,Food products,Manufacturing,San Francisco,California,1-9,87.9,2017-07-12,https://www.bcorporation.net/en-us/find-a-b-corp/company/zego/
fitppl,fitppl,Food products,Wholesale/Retail,Austin,Texas,0,80.9,2017-04-02,https://www.bcorporation.net/en-us/find-a-b-corp/company/fitppl/
Carnegie Fabrics LLC,carnegie-fabrics-llc,Furniture,Wholesale/Retail,Rockville Centre,New York,50-249,92.7,2014-02-12,https://www.bcorporation.net/en-us/find-a-b-corp/company/carnegie-fabrics-llc/
Doorman,doorman,Furniture,Manufacturing,New Orleans,Louisiana,1-9,86.4,2026-01-11,https://www.bcorporation.net/en-us/find-a-b-corp/company/doorman/
Freeform,business-interiors-of-idaho,Furniture,Wholesale/Retail,Boise,Idaho,10-49,98.6,2022-09-07,https://www.bcorporation.net/en-us/find-a-b-corp/company/business-interiors-of-idaho/
Grain,grain,Furniture,Manufacturing,Bainbridge Island,Washington,1-9,81.5,2022-01-28,https://www.bcorporation.net/en-us/find-a-b-corp/company/grain/
Hightower Group LLC,hightower,Furniture,Manufacturing,High Point,North Carolina,50-249,86.4,2023-05-24,https://www.bcorporation.net/en-us/find-a-b-corp/company/hightower/
Hugo & Hoby LLC,hugo-hoby,Furniture,Wholesale/Retail,New Haven,Connecticut,1-9,108.3,2020-08-17,https://www.bcorporation.net/en-us/find-a-b-corp/company/hugo-hoby/
Humanscale Corporation,humanscale-corporation,Furniture,Manufacturing,New York,New York,250-999,87.9,2024-03-19,https://www.bcorporation.net/en-us/find-a-b-corp/company/humanscale-corporation/
Ikaria Design Co.,ikaria-design-company-llc,Furniture,Manufacturing,Columbia,Missouri,1-9,80,2024-01-18,https://www.bcorporation.net/en-us/find-a-b-corp/company/ikaria-design-company-llc/
Kase Custom,kase-custom,Furniture,Manufacturing,Mesa,Arizona,1-9,80.5,2023-04-26,https://www.bcorporation.net/en-us/find-a-b-corp/company/kase-custom/
MIO Culture / FutureTogether,mio,Furniture,Wholesale/Retail,Surfside,Florida,1-9,90.8,2014-12-09,https://www.bcorporation.net/en-us/find-a-b-corp/company/mio/
Room & Board,room-board,Furniture,Wholesale/Retail,Minneapolis,Minnesota,250-999,112.7,2023-10-05,https://www.bcorporation.net/en-us/find-a-b-corp/company/room-board/
Sabai Design,sabai-design,Furniture,Wholesale/Retail,New York,New York,10-49,83.8,2022-04-26,https://www.bcorporation.net/en-us/find-a-b-corp/company/sabai-design/
"Savvy Rest, Inc.",savvy-rest-inc,Furniture,Manufacturing,Charlottesville,Virginia,10-49,80.1,2013-03-27,https://www.bcorporation.net/en-us/find-a-b-corp/company/savvy-rest-inc/
The Joinery,the-joinery,Furniture,Manufacturing,Portland,Oregon,10-49,85.9,2010-08-31,https://www.bcorporation.net/en-us/find-a-b-corp/company/the-joinery/
Yellow Leaf Hammocks,yellow-leaf-hammocks,Furniture,Wholesale/Retail,Venice,California,1-9,144.7,2011-05-16,https://www.bcorporation.net/en-us/find-a-b-corp/company/yellow-leaf-hammocks/
ZZ Driggs,zz-driggs,Furniture,Wholesale/Retail,Brooklyn,New York,1-9,100.4,2021-11-17,https://www.bcorporation.net/en-us/find-a-b-corp/company/zz-driggs/
The Radio Flyer Company,radio-flyer-inc,Games & toys,Wholesale/Retail,Chicago,Illinois,50-249,101.1,2022-08-29,https://www.bcorporation.net/en-us/find-a-b-corp/company/radio-flyer-inc/
Blending For Good,blending-for-good,General retail via Internet,Wholesale/Retail,Minneapolis,Minnesota,0,86.1,2026-07-22,https://www.bcorporation.net/en-us/find-a-b-corp/company/blending-for-good/
EcoPlum,ecoplum,General retail via Internet,Wholesale/Retail,New York,New York,1-9,86.4,2022-01-31,https://www.bcorporation.net/en-us/find-a-b-corp/company/ecoplum/
Ethos Santa Cruz,ethos-santa-cruz,General retail via Internet,Wholesale/Retail,Capitola,California,1-9,80.5,2022-03-31,https://www.bcorporation.net/en-us/find-a-b-corp/company/ethos-santa-cruz/
Here I Am,here-i-am-box,General retail via Internet,Wholesale/Retail,Long Beach,California,0,83.7,2024-01-02,https://www.bcorporation.net/en-us/find-a-b-corp/company/here-i-am-box/
LOOM Imports,loom-imports,General retail via Internet,Wholesale/Retail,Weaverville,North Carolina,0,106.4,2023-08-25,https://www.bcorporation.net/en-us/find-a-b-corp/company/loom-imports/
Nuliv Science Usa Inc.,nuliv-science-usa-inc,General retail via Internet,Wholesale/Retail,Brea,California,10-49,81.5,2022-09-15,https://www.bcorporation.net/en-us/find-a-b-corp/company/nuliv-science-usa-inc/
Prota Fiori Public Benefit Corporation,prota-fiori-public-benefit-corporation,General retail via Internet,Wholesale/Retail,New York,New York,0,97,2022-03-05,https://www.bcorporation.net/en-us/find-a-b-corp/company/prota-fiori-public-benefit-corporation/
Thread Talk,thread-talk,General retail via Internet,Wholesale/Retail,Charlotte,North Carolina,0,131.1,2019-04-28,https://www.bcorporation.net/en-us/find-a-b-corp/company/thread-talk/
Uncommon Goods,uncommongoods,General retail via Internet,Wholesale/Retail,Brooklyn,New York,50-249,95,2007-05-29,https://www.bcorporation.net/en-us/find-a-b-corp/company/uncommongoods/
PLENTY Mercantile,plenty-mercantile,General stores,Wholesale/Retail,Oklahoma City,Oklahoma,10-49,83,2023-04-16,https://www.bcorporation.net/en-us/find-a-b-corp/company/plenty-mercantile/
Project Hive Pet Company,project-hive-pet-company,General stores,Wholesale/Retail,Minneapolis,Minnesota,1-9,90.6,2022-12-14,https://www.bcorporation.net/en-us/find-a-b-corp/company/project-hive-pet-company/
4ocean PBC,4ocean-pbc,Jewelry & related articles,Wholesale/Retail,Boca Raton,Florida,10-49,80.1,2020-08-16,https://www.bcorporation.net/en-us/find-a-b-corp/company/4ocean-pbc/
Dogeared,dogeared,Jewelry & related articles,Wholesale/Retail,Malibu,California,1-9,94.5,2011-08-11,https://www.bcorporation.net/en-us/find-a-b-corp/company/dogeared/
Le Chic Miami LLC,le-chic-miami-llc,Jewelry & related articles,Manufacturing,San Antonio,Texas,1-9,94.9,2025-10-05,https://www.bcorporation.net/en-us/find-a-b-corp/company/le-chic-miami-llc/
MiaDonna & Company,mia-donna-company,Jewelry & related articles,Wholesale/Retail,Portland,Oregon,10-49,83.3,2019-09-24,https://www.bcorporation.net/en-us/find-a-b-corp/company/mia-donna-company/
Monica Rich Kosann,monica-rich-kosann,Jewelry & related articles,Wholesale/Retail,Norwalk,Connecticut,10-49,81.4,2020-07-26,https://www.bcorporation.net/en-us/find-a-b-corp/company/monica-rich-kosann/
Nabs and Babs,nabs-and-babs,Jewelry & related articles,Wholesale/Retail,New York,New York,0,105.6,2024-09-05,https://www.bcorporation.net/en-us/find-a-b-corp/company/nabs-and-babs/
Noonday Holdings LLC,noonday-collection,Jewelry & related articles,Wholesale/Retail,Austin,Texas,10-49,99.8,2016-11-14,https://www.bcorporation.net/en-us/find-a-b-corp/company/noonday-collection/
Pura Vida Bracelets,pura-vida-bracelets,Jewelry & related articles,Wholesale/Retail,La Jolla,California,50-249,82.7,2022-02-13,https://www.bcorporation.net/en-us/find-a-b-corp/company/pura-vida-bracelets/
Raven + Lily,raven-lily,Jewelry & related articles,Wholesale/Retail,La Grange,Texas,1-9,118.9,2014-08-21,https://www.bcorporation.net/en-us/find-a-b-corp/company/raven-lily/
Tabayer,tabayer,Jewelry & related articles,Wholesale/Retail,New York,New York,1-9,96.5,2025-12-07,https://www.bcorporation.net/en-us/find-a-b-corp/company/tabayer/
MODHER,modher,Leather & related products,Wholesale/Retail,Redwood city,California,0,87.1,2021-03-11,https://www.bcorporation.net/en-us/find-a-b-corp/company/modher/
Purse and Clutch,purse-and-clutch,Leather & related products,Wholesale/Retail,,,0,96.9,2023-05-02,https://www.bcorporation.net/en-us/find-a-b-corp/company/purse-and-clutch/
Sapahn,sapahn,Leather & related products,Wholesale/Retail,Lincoln,Nebraska,1-9,82,2023-12-18,https://www.bcorporation.net/en-us/find-a-b-corp/company/sapahn/
THE SAK BRAND GROUP,the-sak-brand-group,Leather & related products,Wholesale/Retail,Spring Lake,New Jersey,50-249,103.1,2022-01-10,https://www.bcorporation.net/en-us/find-a-b-corp/company/the-sak-brand-group/
Avocado Green Brands,avocado-green-brands,Other manufacturing,Manufacturing,Hoboken,New Jersey,250-999,113.9,2024-05-08,https://www.bcorporation.net/en-us/find-a-b-corp/company/avocado-green-brands/
BEE'S WRAP,bees-wrap,Other manufacturing,Manufacturing,Middlebury,Vermont,10-49,96,2019-04-07,https://www.bcorporation.net/en-us/find-a-b-corp/company/bees-wrap/
Chroma Technology Corp,chroma-technology-corp,Other manufacturing,Manufacturing,Bellows Falls,Vermont,50-249,97.2,2013-05-05,https://www.bcorporation.net/en-us/find-a-b-corp/company/chroma-technology-corp/
Coast of Maine Organic Products Inc.,coast-of-maine-organic-products-inc,Other manufacturing,Manufacturing,Portland,Maine,50-249,85.4,2026-07-10,https://www.bcorporation.net/en-us/find-a-b-corp/company/coast-of-maine-organic-products-inc/
East Fork Pottery LLC,east-fork-pottery-l-l-c,Other manufacturing,Manufacturing,Asheville,North Carolina,50-249,80.7,2021-05-20,https://www.bcorporation.net/en-us/find-a-b-corp/company/east-fork-pottery-l-l-c/
"FACT Design, LLC",fact-design-llc,Other manufacturing,Manufacturing,Sweetwater,Tennessee,1-9,84.3,2026-03-11,https://www.bcorporation.net/en-us/find-a-b-corp/company/fact-design-llc/
Fireclay Tile,fireclay-tile,Other manufacturing,Manufacturing,Aromas,California,250-999,127.7,2015-01-04,https://www.bcorporation.net/en-us/find-a-b-corp/company/fireclay-tile/
"GroundWork Renewables, Inc",ground-work-renewables-inc,Other manufacturing,Manufacturing,Sand City,California,50-249,81.8,2024-01-07,https://www.bcorporation.net/en-us/find-a-b-corp/company/ground-work-renewables-inc/
"Heath Ceramics, LTD",heath-ceramics-ltd,Other manufacturing,Manufacturing,Sausalito,California,50-249,88.3,2023-01-24,https://www.bcorporation.net/en-us/find-a-b-corp/company/heath-ceramics-ltd/
K9 Ballistics Inc.,k9-ballistics-inc,Other manufacturing,Manufacturing,Camarillo,California,10-49,85.2,2021-01-07,https://www.bcorporation.net/en-us/find-a-b-corp/company/k9-ballistics-inc/
Land Betterment Corp,land-betterment-corp,Other manufacturing,Manufacturing,Fishers,Indiana,10-49,88.5,2023-05-27,https://www.bcorporation.net/en-us/find-a-b-corp/company/land-betterment-corp/
Lunchskins,lunchskins,Other manufacturing,Manufacturing,POTOMAC,Maryland,1-9,101.7,2022-08-28,https://www.bcorporation.net/en-us/find-a-b-corp/company/lunchskins/
"M3 Group, Inc",m3-group-inc,Other manufacturing,Manufacturing,Greensboro,North Carolina,50-249,95.1,2025-06-10,https://www.bcorporation.net/en-us/find-a-b-corp/company/m3-group-inc/
MegaFood,megafood,Other manufacturing,Manufacturing,Manchester,New Hampshire,50-249,115.8,2018-03-01,https://www.bcorporation.net/en-us/find-a-b-corp/company/megafood/
NewAge Industries Inc.,new-age-industries-inc,Other manufacturing,Manufacturing,Southampton,Pennsylvania,250-999,88.2,2020-09-09,https://www.bcorporation.net/en-us/find-a-b-corp/company/new-age-industries-inc/
Nutricia North America,nutricia-north-america,Other manufacturing,Manufacturing,White Plains,New York,50-249,111.6,2020-09-02,https://www.bcorporation.net/en-us/find-a-b-corp/company/nutricia-north-america/
"On-Line Instrument Systems, Inc. (OLIS)",on-line-instrument-systems-inc-olis,Other manufacturing,Manufacturing,Athens,Georgia,10-49,80.7,2024-08-20,https://www.bcorporation.net/en-us/find-a-b-corp/company/on-line-instrument-systems-inc-olis/
Onyx Coffee Lab,anonymous-coffee-roasters-llc,Other manufacturing,Manufacturing,Rogers,Arkansas,50-249,99.1,2025-04-10,https://www.bcorporation.net/en-us/find-a-b-corp/company/anonymous-coffee-roasters-llc/
Perennial Harvest LLC,perennial-harvest-llc,Other manufacturing,Manufacturing,Pagosa Springs,Colorado,10-49,82.2,2026-04-27,https://www.bcorporation.net/en-us/find-a-b-corp/company/perennial-harvest-llc/
Prosperity Candle,prosperity-candle,Other manufacturing,Manufacturing,Easthampton,Massachusetts,1-9,82.7,2014-01-29,https://www.bcorporation.net/en-us/find-a-b-corp/company/prosperity-candle/
SEED - Sustainable Entrepreneurial Ecosystem Development,seed-sustainable-entrepreneurial-ecosystem-development,Other manufacturing,Manufacturing,Altadena,California,1-9,151.9,2023-01-29,https://www.bcorporation.net/en-us/find-a-b-corp/company/seed-sustainable-entrepreneurial-ecosystem-development/
Simply Straws,simply-straws,Other manufacturing,Manufacturing,Vista,California,1-9,99.2,2013-10-23,https://www.bcorporation.net/en-us/find-a-b-corp/company/simply-straws/
Sydney Hale Co.,sydney-hale-co,Other manufacturing,Manufacturing,Richmond,Virginia,1-9,86.6,2020-09-13,https://www.bcorporation.net/en-us/find-a-b-corp/company/sydney-hale-co/
Terminal B Intl LLC,terminal-b-intl-llc,Other manufacturing,Manufacturing,Los Angeles,California,0,84.7,2025-09-10,https://www.bcorporation.net/en-us/find-a-b-corp/company/terminal-b-intl-llc/
The Gem Group Inc (dba Gemline),the-gem-group-inc-dba-gemline,Other manufacturing,Manufacturing,Lawrence,Massachusetts,250-999,80.8,2024-09-12,https://www.bcorporation.net/en-us/find-a-b-corp/company/the-gem-group-inc-dba-gemline/
"West Paw, LLC",west-paw-inc,Other manufacturing,Manufacturing,Bozeman,Montana,50-249,88,2013-08-14,https://www.bcorporation.net/en-us/find-a-b-corp/company/west-paw-inc/
WishGarden Herbs,wish-garden-herbs,Other manufacturing,Manufacturing,Louisville,Colorado,10-49,86.2,2025-05-04,https://www.bcorporation.net/en-us/find-a-b-corp/company/wish-garden-herbs/
bambu,bambu,Other manufacturing,Manufacturing,Portland,Oregon,1-9,111,2018-01-21,https://www.bcorporation.net/en-us/find-a-b-corp/company/bambu/
brehd,brehd,Other manufacturing,Manufacturing,,,0,113.1,2022-12-14,https://www.bcorporation.net/en-us/find-a-b-corp/company/brehd/
"Blue Earth Compost, Inc.",blue-earth-compost-inc,Other retail sale,Wholesale/Retail,Windsor,Connecticut,10-49,90.4,2022-04-05,https://www.bcorporation.net/en-us/find-a-b-corp/company/blue-earth-compost-inc/
Boma Jewelry,boma-jewelry,Other retail sale,Wholesale/Retail,Seattle,Washington,1-9,107.1,2021-07-07,https://www.bcorporation.net/en-us/find-a-b-corp/company/boma-jewelry/
Chook Chicken,chook-chicken,Other retail sale,Wholesale/Retail,Denver,Colorado,10-49,85.7,2020-06-16,https://www.bcorporation.net/en-us/find-a-b-corp/company/chook-chicken/
ExquisiteCrystals.com LLC,exquisite-crystalscom-llc,Other retail sale,Wholesale/Retail,Vancouver,Washington,1-9,84.3,2023-08-08,https://www.bcorporation.net/en-us/find-a-b-corp/company/exquisite-crystalscom-llc/
Flowers for Dreams,flowers-dreams,Other retail sale,Wholesale/Retail,Chicago,Illinois,50-249,86.7,2016-11-07,https://www.bcorporation.net/en-us/find-a-b-corp/company/flowers-dreams/
Gifts for Good,gifts-for-good,Other retail sale,Wholesale/Retail,Los Angeles,California,10-49,126.9,2020-06-29,https://www.bcorporation.net/en-us/find-a-b-corp/company/gifts-for-good/
Goods that Matter,goods-that-matter,Other retail sale,Wholesale/Retail,New Orleans,Louisiana,0,117.4,2023-09-10,https://www.bcorporation.net/en-us/find-a-b-corp/company/goods-that-matter/
LifeStraw,life-straw,Other retail sale,Wholesale/Retail,Baltimore,Maryland,50-249,108.3,2021-04-01,https://www.bcorporation.net/en-us/find-a-b-corp/company/life-straw/
MZ Wallace,mz-wallace,Other retail sale,Wholesale/Retail,New York,New York,10-49,98.9,2023-04-20,https://www.bcorporation.net/en-us/find-a-b-corp/company/mz-wallace/
Mila's Keeper,blue-dot-rising-inc-dba-milas-keeper,Other retail sale,Wholesale/Retail,Long Beach,California,0,113.5,2025-01-29,https://www.bcorporation.net/en-us/find-a-b-corp/company/blue-dot-rising-inc-dba-milas-keeper/
Only Natural Pet,only-natural-pet,Other retail sale,Wholesale/Retail,Boulder,Colorado,50-249,84.8,2019-01-22,https://www.bcorporation.net/en-us/find-a-b-corp/company/only-natural-pet/
PEAK DESIGN,peak-design,Other retail sale,Wholesale/Retail,SAN FRANCISCO,California,10-49,106.4,2019-12-22,https://www.bcorporation.net/en-us/find-a-b-corp/company/peak-design/
Packed with Purpose,packed-with-purpose,Other retail sale,Wholesale/Retail,,,1-9,90.8,2023-01-31,https://www.bcorporation.net/en-us/find-a-b-corp/company/packed-with-purpose/
Perpay Inc.,perpay-inc,Other retail sale,Wholesale/Retail,Philadelphia,Pennsylvania,50-249,116.9,2025-05-30,https://www.bcorporation.net/en-us/find-a-b-corp/company/perpay-inc/
ROAR,roar-good-llc,Other retail sale,Wholesale/Retail,Wayne,Pennsylvania,10-49,80.2,2016-12-11,https://www.bcorporation.net/en-us/find-a-b-corp/company/roar-good-llc/
Revino Inc.,revino-inc,Other retail sale,Wholesale/Retail,Newberg,Oregon,1-9,93.6,2025-09-07,https://www.bcorporation.net/en-us/find-a-b-corp/company/revino-inc/
Sijo,sijo,Other retail sale,Wholesale/Retail,New York,New York,1-9,80.4,2024-11-14,https://www.bcorporation.net/en-us/find-a-b-corp/company/sijo/
Solgaard Design Inc,solgaard-design-inc,Other retail sale,Wholesale/Retail,New York,New York,1-9,82,2023-01-08,https://www.bcorporation.net/en-us/find-a-b-corp/company/solgaard-design-inc/
TCK Enterprises trading as PUZZLES & Lewes Gourmet,tck-enterprises-trading-as-lewes-gourmet-puzzles,Other retail sale,Wholesale/Retail,,,1-9,82.1,2023-10-14,https://www.bcorporation.net/en-us/find-a-b-corp/company/tck-enterprises-trading-as-lewes-gourmet-puzzles/
Touchstone Essentials,touchstone-essentials,Other retail sale,Wholesale/Retail,Cary,North Carolina,10-49,89.4,2025-05-13,https://www.bcorporation.net/en-us/find-a-b-corp/company/touchstone-essentials/
"WAYB, Inc.",wayb-inc,Other retail sale,Wholesale/Retail,Wilmington,Delaware,10-49,92,2022-11-03,https://www.bcorporation.net/en-us/find-a-b-corp/company/wayb-inc/
Warby Parker,warby-parker,Other retail sale,Wholesale/Retail,New York,New York,250-999,98,2011-05-16,https://www.bcorporation.net/en-us/find-a-b-corp/company/warby-parker/
Welltayl,welltayl,Other retail sale,Wholesale/Retail,Brooklyn,New York,0,106.6,2025-05-19,https://www.bcorporation.net/en-us/find-a-b-corp/company/welltayl/
1338Tryon,1338tryon,Other/general wholesale trade,Wholesale/Retail,Portland,Oregon,1-9,81.2,2026-02-03,https://www.bcorporation.net/en-us/find-a-b-corp/company/1338tryon/
Better Earth,better-earth,Other/general wholesale trade,Wholesale/Retail,Clarkston,Georgia,10-49,84,2024-06-23,https://www.bcorporation.net/en-us/find-a-b-corp/company/better-earth/
Brand Fuel,brand-fuel,Other/general wholesale trade,Wholesale/Retail,Raleigh,North Carolina,10-49,93.1,2022-09-15,https://www.bcorporation.net/en-us/find-a-b-corp/company/brand-fuel/
Canary LLC (Canary Marketing),canary-llc-dba-canary-marketing,Other/general wholesale trade,Wholesale/Retail,San Ramon,California,50-249,83.7,2025-11-19,https://www.bcorporation.net/en-us/find-a-b-corp/company/canary-llc-dba-canary-marketing/
Causemedic,causemedic,Other/general wholesale trade,Wholesale/Retail,Knoxville,Tennessee,1-9,93.6,2025-09-30,https://www.bcorporation.net/en-us/find-a-b-corp/company/causemedic/
ChicoBag & To-Go Ware,chicobag-company,Other/general wholesale trade,Wholesale/Retail,Chico,California,10-49,131.5,2013-10-02,https://www.bcorporation.net/en-us/find-a-b-corp/company/chicobag-company/
ESG Luxury LLC,esg-luxury-llc,Other/general wholesale trade,Wholesale/Retail,Irvine,California,10-49,87.3,2026-07-26,https://www.bcorporation.net/en-us/find-a-b-corp/company/esg-luxury-llc/
"Earth Swag, The White Lotus Life LLC",the-white-lotus-life-llc,Other/general wholesale trade,Wholesale/Retail,Sammamish,Washington,0,80.7,2026-04-29,https://www.bcorporation.net/en-us/find-a-b-corp/company/the-white-lotus-life-llc/
Eco-Bags Products,eco-bags-products,Other/general wholesale trade,Wholesale/Retail,Briarcliff Manor,New York,1-9,91.7,2010-11-09,https://www.bcorporation.net/en-us/find-a-b-corp/company/eco-bags-products/
"Eco-Products, PBC",eco-products-inc,Other/general wholesale trade,Wholesale/Retail,Boulder,Colorado,50-249,80.9,2016-07-17,https://www.bcorporation.net/en-us/find-a-b-corp/company/eco-products-inc/
EcoPackables LLC,eco-packables-llc,Other/general wholesale trade,Wholesale/Retail,Cardiff,California,1-9,109.9,2023-12-11,https://www.bcorporation.net/en-us/find-a-b-corp/company/eco-packables-llc/
Ecosmith Recyclers Inc.,ecosmith-recyclers-inc,Other/general wholesale trade,Wholesale/Retail,New Boston,New Hampshire,10-49,92.9,2024-01-11,https://www.bcorporation.net/en-us/find-a-b-corp/company/ecosmith-recyclers-inc/
"Excel Packaging, Inc.",excel-packaging-inc,Other/general wholesale trade,Wholesale/Retail,Irvine,California,10-49,82.7,2020-11-18,https://www.bcorporation.net/en-us/find-a-b-corp/company/excel-packaging-inc/
Fire Lily Coffee,exilior-coffee,Other/general wholesale trade,Wholesale/Retail,Dundee,Oregon,0,100.1,2021-12-21,https://www.bcorporation.net/en-us/find-a-b-corp/company/exilior-coffee/
Food Huggers Inc,food-huggers-inc,Other/general wholesale trade,Wholesale/Retail,Pittsburgh,Pennsylvania,1-9,85.7,2023-02-19,https://www.bcorporation.net/en-us/find-a-b-corp/company/food-huggers-inc/
Good Start Packaging,good-start-packaging,Other/general wholesale trade,Wholesale/Retail,Bedford,New Hampshire,10-49,90.7,2023-05-07,https://www.bcorporation.net/en-us/find-a-b-corp/company/good-start-packaging/
HoldOn Bags,hold-on-bags,Other/general wholesale trade,Wholesale/Retail,Santa Monica,California,1-9,81.3,2024-01-17,https://www.bcorporation.net/en-us/find-a-b-corp/company/hold-on-bags/
"Leader Promotions, Inc.",leader-promotions-inc,Other/general wholesale trade,Wholesale/Retail,Columbus,Ohio,50-249,80.2,2023-10-18,https://www.bcorporation.net/en-us/find-a-b-corp/company/leader-promotions-inc/
Lotus Sustainables (Golden Eye Media USA Inc / Lotus Trolley Bag),golden-eye-media-usa-inc-dba-lotus-sustainables,Other/general wholesale trade,Wholesale/Retail,Carlsbad,California,1-9,85.6,2022-08-07,https://www.bcorporation.net/en-us/find-a-b-corp/company/golden-eye-media-usa-inc-dba-lotus-sustainables/
MaCher USA Inc,macher-usa,Other/general wholesale trade,Wholesale/Retail,,,10-49,141,2014-09-14,https://www.bcorporation.net/en-us/find-a-b-corp/company/macher-usa/
"Native Trails, Inc.",native-trails-inc,Other/general wholesale trade,Wholesale/Retail,San Luis Obispo,California,50-249,81.1,2019-01-08,https://www.bcorporation.net/en-us/find-a-b-corp/company/native-trails-inc/
Outpatch LLC,outpatch,Other/general wholesale trade,Wholesale/Retail,Denver,Colorado,1-9,95.1,2025-08-19,https://www.bcorporation.net/en-us/find-a-b-corp/company/outpatch/
P.L.A.Y. Pet Lifestyle and You Inc.,play-pet-lifestyle-and-you-inc,Other/general wholesale trade,Wholesale/Retail,San Francisco,California,10-49,81.4,2016-06-21,https://www.bcorporation.net/en-us/find-a-b-corp/company/play-pet-lifestyle-and-you-inc/
Red Cloud LLC,red-cloud-llc,Other/general wholesale trade,Wholesale/Retail,Los Angeles,California,1-9,87.4,2022-06-26,https://www.bcorporation.net/en-us/find-a-b-corp/company/red-cloud-llc/
Revolusation Inc DBA Bagito,bagito,Other/general wholesale trade,Wholesale/Retail,Santa Cruz,California,1-9,131.5,2019-03-07,https://www.bcorporation.net/en-us/find-a-b-corp/company/bagito/
"Rosy Soil, PBC",rosy-soil-pbc,Other/general wholesale trade,Wholesale/Retail,New York,New York,1-9,80.6,2024-07-08,https://www.bcorporation.net/en-us/find-a-b-corp/company/rosy-soil-pbc/
Skout's Honor,skouts-honor,Other/general wholesale trade,Wholesale/Retail,Oceanside,California,10-49,84.1,2026-01-19,https://www.bcorporation.net/en-us/find-a-b-corp/company/skouts-honor/
The Honest Kitchen,the-honest-kitchen,Other/general wholesale trade,Wholesale/Retail,San Diego,California,50-249,91.9,2022-08-29,https://www.bcorporation.net/en-us/find-a-b-corp/company/the-honest-kitchen/
The Promotions Dept,the-promotions-dept,Other/general wholesale trade,Wholesale/Retail,Torrance,California,10-49,93.6,2025-05-28,https://www.bcorporation.net/en-us/find-a-b-corp/company/the-promotions-dept/
World Centric,world-centric,Other/general wholesale trade,Wholesale/Retail,Rohnert Park,California,50-249,126.2,2010-12-02,https://www.bcorporation.net/en-us/find-a-b-corp/company/world-centric/
Alaska Glacial Essentials Skincare,alaska-glacial-mud-co,Personal care products,Wholesale/Retail,Cordova,Alaska,0,107.5,2014-03-30,https://www.bcorporation.net/en-us/find-a-b-corp/company/alaska-glacial-mud-co/
All Good,all-good-elemental-herbs,Personal care products,Wholesale/Retail,,,10-49,121.5,2009-12-02,https://www.bcorporation.net/en-us/find-a-b-corp/company/all-good-elemental-herbs/
Amika,amika,Personal care products,Wholesale/Retail,Brooklyn,New York,250-999,99.2,2023-03-12,https://www.bcorporation.net/en-us/find-a-b-corp/company/amika/
Arbonne,arbonne,Personal care products,Manufacturing,Irvine,California,250-999,121.4,2019-12-29,https://www.bcorporation.net/en-us/find-a-b-corp/company/arbonne/
"Attn: Grace, Inc",attn-grace-inc,Personal care products,Wholesale/Retail,Brookline,Massachusetts,1-9,102.8,2022-03-03,https://www.bcorporation.net/en-us/find-a-b-corp/company/attn-grace-inc/
Aveda Corporation,aveda-corporation,Personal care products,Manufacturing,Blaine,Minnesota,1000+,89.6,2023-01-12,https://www.bcorporation.net/en-us/find-a-b-corp/company/aveda-corporation/
"Azurous, Inc. dba Cabeau",azurous-inc-dba-cabeau,Personal care products,Wholesale/Retail,Woodland Hills,California,10-49,87.1,2024-02-04,https://www.bcorporation.net/en-us/find-a-b-corp/company/azurous-inc-dba-cabeau/
Bioforce USA,bioforce-usa,Personal care products,Wholesale/Retail,Ghent,New York,10-49,81.7,2024-06-28,https://www.bcorporation.net/en-us/find-a-b-corp/company/bioforce-usa/
Blue Beautifly,blue-beautifly-llc,Personal care products,Manufacturing,Oakland,California,1-9,94.6,2016-08-10,https://www.bcorporation.net/en-us/find-a-b-corp/company/blue-beautifly-llc/
California Naturals Inc.,california-naturals-inc,Personal care products,Wholesale/Retail,Beverly Hills,California,1-9,118.5,2024-03-11,https://www.bcorporation.net/en-us/find-a-b-corp/company/california-naturals-inc/
Cora,lyv-life-inc,Personal care products,Wholesale/Retail,San Rafael,California,10-49,106.2,2016-07-19,https://www.bcorporation.net/en-us/find-a-b-corp/company/lyv-life-inc/
Country Life LLC,country-life-llc,Personal care products,Manufacturing,Hauppauge,New York,50-249,84.7,2015-12-17,https://www.bcorporation.net/en-us/find-a-b-corp/company/country-life-llc/
DYPER Inc.,dyper-inc,Personal care products,Wholesale/Retail,Scottsdale,Arizona,10-49,96.9,2022-07-24,https://www.bcorporation.net/en-us/find-a-b-corp/company/dyper-inc/
Dental Lace Inc,dental-lace-inc,Personal care products,Wholesale/Retail,Cumberland,Maine,1-9,81.3,2024-05-07,https://www.bcorporation.net/en-us/find-a-b-corp/company/dental-lace-inc/
"Dr. Squatch, LLC",dr-squatch-llc,Personal care products,Manufacturing,Marina Del Rey,California,250-999,84.6,2023-04-09,https://www.bcorporation.net/en-us/find-a-b-corp/company/dr-squatch-llc/
EO Products,eo-products,Personal care products,Manufacturing,,,50-249,81.2,2011-09-12,https://www.bcorporation.net/en-us/find-a-b-corp/company/eo-products/
"Eco Lips, Inc.",eco-lips-inc,Personal care products,Manufacturing,Marion,Iowa,50-249,81.6,2013-03-24,https://www.bcorporation.net/en-us/find-a-b-corp/company/eco-lips-inc/
"Ecoslay, LLC",ecoslay,Personal care products,Manufacturing,Clarkston,Georgia,10-49,104,2025-03-24,https://www.bcorporation.net/en-us/find-a-b-corp/company/ecoslay/
Eleeo Brands,eleeo-brands,Personal care products,Wholesale/Retail,,,10-49,119.7,2020-12-02,https://www.bcorporation.net/en-us/find-a-b-corp/company/eleeo-brands/
Erbaviva,erbaviva,Personal care products,Manufacturing,Chatsworth,California,10-49,80,2010-10-27,https://www.bcorporation.net/en-us/find-a-b-corp/company/erbaviva/
Essential Oxygen,essential-oxygen,Personal care products,Wholesale/Retail,San Rafael,California,1-9,83.9,2023-05-11,https://www.bcorporation.net/en-us/find-a-b-corp/company/essential-oxygen/
Eva-NYC,eva-nyc,Personal care products,Wholesale/Retail,Brooklyn,New York,10-49,106.2,2023-03-12,https://www.bcorporation.net/en-us/find-a-b-corp/company/eva-nyc/
Every Man Jack,every-man-jack,Personal care products,Wholesale/Retail,Mill Valley,California,50-249,83.5,2023-04-30,https://www.bcorporation.net/en-us/find-a-b-corp/company/every-man-jack/
"Exponent Beauty, INC",exponent-beauty-i-n-c,Personal care products,Wholesale/Retail,San Francisco,California,1-9,80.9,2021-11-16,https://www.bcorporation.net/en-us/find-a-b-corp/company/exponent-beauty-i-n-c/
"GKCO Holdings, Inc",phlur,Personal care products,Manufacturing,Round Rock,Texas,50-249,81.2,2018-04-08,https://www.bcorporation.net/en-us/find-a-b-corp/company/phlur/
Good Clean Love,good-clean-love,Personal care products,Wholesale/Retail,Eugene,Oregon,10-49,84.8,2013-12-17,https://www.bcorporation.net/en-us/find-a-b-corp/company/good-clean-love/
Hyggelight LLC,hyggelight-llc,Personal care products,Manufacturing,Toledo,Ohio,1-9,82.3,2023-06-05,https://www.bcorporation.net/en-us/find-a-b-corp/company/hyggelight-llc/
Inesscents Aromatic Botanicals,inesscents-aromatic-botanicals,Personal care products,Manufacturing,Ashland,Oregon,10-49,87.8,2008-06-29,https://www.bcorporation.net/en-us/find-a-b-corp/company/inesscents-aromatic-botanicals/
Intelligent Nutrients,intelligent-nutrients,Personal care products,Wholesale/Retail,Minneapolis,Minnesota,10-49,80.9,2022-10-17,https://www.bcorporation.net/en-us/find-a-b-corp/company/intelligent-nutrients/
Island Mist,island-mist,Personal care products,Manufacturing,Block Island,Rhode Island,1-9,101,2025-03-03,https://www.bcorporation.net/en-us/find-a-b-corp/company/island-mist/
"Josie Maran Cosmetics, LLC",josie-maran-cosmetics,Personal care products,Wholesale/Retail,Los Angeles,California,50-249,96.3,2025-06-08,https://www.bcorporation.net/en-us/find-a-b-corp/company/josie-maran-cosmetics/
KAIBAE,kaibae,Personal care products,Wholesale/Retail,Santa Barbara,California,0,99,2022-02-21,https://www.bcorporation.net/en-us/find-a-b-corp/company/kaibae/
KOA+ROY LLC,koaroy-llc,Personal care products,Manufacturing,Chula Vista,California,0,122.3,2019-12-01,https://www.bcorporation.net/en-us/find-a-b-corp/company/koaroy-llc/
KYPRIS,k-y-p-r-i-s,Personal care products,Wholesale/Retail,Scottsdale,Arizona,1-9,93.7,2021-08-17,https://www.bcorporation.net/en-us/find-a-b-corp/company/k-y-p-r-i-s/
Kaylaan LLC,kaylaan,Personal care products,Manufacturing,Floral Park,New York,1-9,125.3,2022-01-27,https://www.bcorporation.net/en-us/find-a-b-corp/company/kaylaan/
"Krave Beauty, LLC",krave-beauty-llc,Personal care products,Wholesale/Retail,New York,New York,10-49,81.6,2024-04-11,https://www.bcorporation.net/en-us/find-a-b-corp/company/krave-beauty-llc/
Le Labo Holding LLC,le-labo-holding-l-l-c,Personal care products,Wholesale/Retail,Brooklyn,New York,50-249,101,2022-02-24,https://www.bcorporation.net/en-us/find-a-b-corp/company/le-labo-holding-l-l-c/
Love Bottle,love-bottle,Personal care products,Wholesale/Retail,Portland,Oregon,0,102.9,2016-07-17,https://www.bcorporation.net/en-us/find-a-b-corp/company/love-bottle/
Meow Meow Tweet LLC,meow-meow-tweet-llc,Personal care products,Manufacturing,Sacramento,California,1-9,92.2,2021-09-27,https://www.bcorporation.net/en-us/find-a-b-corp/company/meow-meow-tweet-llc/
Meraki Hair Wellness,meraki-hair-wellness,Personal care products,Manufacturing,Atlanta,Georgia,0,81.5,2026-03-25,https://www.bcorporation.net/en-us/find-a-b-corp/company/meraki-hair-wellness/
"Mickelberry Gardens, LLC",mickelberry-gardens-llc,Personal care products,Manufacturing,Portland,Oregon,10-49,81,2023-03-13,https://www.bcorporation.net/en-us/find-a-b-corp/company/mickelberry-gardens-llc/
Motherlove Herbal Company,motherlove-herbal-company,Personal care products,Manufacturing,Fort Collins,Colorado,10-49,97,2015-08-25,https://www.bcorporation.net/en-us/find-a-b-corp/company/motherlove-herbal-company/
"Murphy's Naturals, Inc",murphys-naturals-inc,Personal care products,Manufacturing,Raleigh,North Carolina,50-249,81,2015-06-28,https://www.bcorporation.net/en-us/find-a-b-corp/company/murphys-naturals-inc/
"Nantucket Spider, LLC",nantucket-spider-llc,Personal care products,Wholesale/Retail,Wilton,Connecticut,1-9,85.5,2023-07-16,https://www.bcorporation.net/en-us/find-a-b-corp/company/nantucket-spider-llc/
"Nécessaire, Inc.",necessaire-inc,Personal care products,Wholesale/Retail,Manhattan Beach,California,10-49,103.1,2022-09-25,https://www.bcorporation.net/en-us/find-a-b-corp/company/necessaire-inc/
Pearl Banyan Capital LLC,banyan-botanicals,Personal care products,Manufacturing,Ashland,Oregon,50-249,107.8,2019-05-16,https://www.bcorporation.net/en-us/find-a-b-corp/company/banyan-botanicals/
Plaine Products,plaine-products,Personal care products,Wholesale/Retail,Cincinnati,Ohio,1-9,100.2,2018-01-23,https://www.bcorporation.net/en-us/find-a-b-corp/company/plaine-products/
Plant People,plant-people,Personal care products,Wholesale/Retail,Austin,Texas,1-9,88,2021-01-04,https://www.bcorporation.net/en-us/find-a-b-corp/company/plant-people/
Preserve,preserve,Personal care products,Wholesale/Retail,,,1-9,103.9,2011-10-18,https://www.bcorporation.net/en-us/find-a-b-corp/company/preserve/
Project Reef,project-reef,Personal care products,Wholesale/Retail,Kihei,Hawaii,1-9,97.6,2023-01-22,https://www.bcorporation.net/en-us/find-a-b-corp/company/project-reef/
Prose,prose,Personal care products,Manufacturing,Brooklyn,New York,250-999,90.7,2019-09-10,https://www.bcorporation.net/en-us/find-a-b-corp/company/prose/
QLE,q-l-e,Personal care products,Wholesale/Retail,Atlanta,Georgia,1-9,129.7,2022-08-18,https://www.bcorporation.net/en-us/find-a-b-corp/company/q-l-e/
Ritual,ritual,Personal care products,Wholesale/Retail,Los Angeles,California,50-249,104.2,2022-05-13,https://www.bcorporation.net/en-us/find-a-b-corp/company/ritual/
"Rose Code, Inc.",rose-code-inc,Personal care products,Wholesale/Retail,Wilmington,Delaware,0,84,2025-09-25,https://www.bcorporation.net/en-us/find-a-b-corp/company/rose-code-inc/
"SEA K ORGANICS, LLC",sea-k-organics-llc,Personal care products,Wholesale/Retail,Santa Monica,California,1-9,113.7,2026-01-25,https://www.bcorporation.net/en-us/find-a-b-corp/company/sea-k-organics-llc/
SITCH,sitch,Personal care products,Wholesale/Retail,San Diego,California,0,80.4,2025-04-16,https://www.bcorporation.net/en-us/find-a-b-corp/company/sitch/
"Saalt, LLC",saalt-llc,Personal care products,Wholesale/Retail,Boise,Idaho,10-49,85.8,2019-06-13,https://www.bcorporation.net/en-us/find-a-b-corp/company/saalt-llc/
Sea Witch Botanicals,sea-witch-botanicals,Personal care products,Manufacturing,BELLINGHAM,Washington,1-9,89.9,2018-08-26,https://www.bcorporation.net/en-us/find-a-b-corp/company/sea-witch-botanicals/
Shielded Beauty,shielded-beauty,Personal care products,Wholesale/Retail,Newport Beach,California,1-9,82.9,2024-09-23,https://www.bcorporation.net/en-us/find-a-b-corp/company/shielded-beauty/
Soapbox,soapbox-soaps,Personal care products,Wholesale/Retail,Washington,District of Columbia,1-9,113,2015-03-02,https://www.bcorporation.net/en-us/find-a-b-corp/company/soapbox-soaps/
Spinster Sisters,spinster-sisters,Personal care products,Manufacturing,Golden,Colorado,10-49,80.2,2022-03-29,https://www.bcorporation.net/en-us/find-a-b-corp/company/spinster-sisters/
Studio FSR,studio-fsr,Personal care products,Manufacturing,Fargo,North Dakota,1-9,90.8,2025-07-07,https://www.bcorporation.net/en-us/find-a-b-corp/company/studio-fsr/
Sunday Riley,sunday-riley,Personal care products,Wholesale/Retail,Houston,Texas,50-249,92.1,2020-08-27,https://www.bcorporation.net/en-us/find-a-b-corp/company/sunday-riley/
"Sundial Brands, LLC (SheaMoisture and Nubian Heritage)",sundial-brands-llc,Personal care products,Manufacturing,Amityville,New York,250-999,95.8,2015-04-16,https://www.bcorporation.net/en-us/find-a-b-corp/company/sundial-brands-llc/
Synergy Products,synergy-products,Personal care products,Wholesale/Retail,Chicago,Illinois,0,82.6,2021-12-14,https://www.bcorporation.net/en-us/find-a-b-corp/company/synergy-products/
THE FULLEST,the-fullest,Personal care products,Wholesale/Retail,Laguna Beach,California,1-9,96.9,2022-07-27,https://www.bcorporation.net/en-us/find-a-b-corp/company/the-fullest/
"The Human Beauty Movement, PBC",the-human-beauty-movement-pbc,Personal care products,Wholesale/Retail,Woodland Hills,California,0,131.3,2020-07-21,https://www.bcorporation.net/en-us/find-a-b-corp/company/the-human-beauty-movement-pbc/
The Kind Lab PBC DBA Bite Toothpaste Bits,the-kind-lab-pbc-dba-bite-toothpaste-bits,Personal care products,Wholesale/Retail,,,1-9,87.8,2022-09-19,https://www.bcorporation.net/en-us/find-a-b-corp/company/the-kind-lab-pbc-dba-bite-toothpaste-bits/
"The Refill Shoppe, Inc.",the-refill-shoppe,Personal care products,Wholesale/Retail,Ventura,California,1-9,114.9,2015-04-16,https://www.bcorporation.net/en-us/find-a-b-corp/company/the-refill-shoppe/
The Vervain Collective LLC,the-vervain-collective-llc,Personal care products,Manufacturing,Garden City,Idaho,1-9,97.7,2023-01-19,https://www.bcorporation.net/en-us/find-a-b-corp/company/the-vervain-collective-llc/
Tom's of Maine,toms-of-maine,Personal care products,Manufacturing,Kennebunk,Maine,50-249,86.5,2019-03-05,https://www.bcorporation.net/en-us/find-a-b-corp/company/toms-of-maine/
Treve Health LLC,treve-health-llc,Personal care products,Manufacturing,Bainbridge Island,Washington,0,,,https://www.bcorporation.net/en-us/find-a-b-corp/company/treve-health-llc/
"True Botanicals, Inc",true-botanicals-inc,Personal care products,Wholesale/Retail,Mill Valley,California,10-49,89.9,2025-12-03,https://www.bcorporation.net/en-us/find-a-b-corp/company/true-botanicals-inc/
"Ursa Major Natural Care, Inc.",ursa-major,Personal care products,Wholesale/Retail,Waterbury,Vermont,10-49,96.6,2020-07-19,https://www.bcorporation.net/en-us/find-a-b-corp/company/ursa-major/
Vintner's Daughter,vintners-daughter,Personal care products,Wholesale/Retail,San Francisco,California,10-49,113,2022-09-25,https://www.bcorporation.net/en-us/find-a-b-corp/company/vintners-daughter/
"W.S. Badger Co, Inc.",ws-badger-co-inc,Personal care products,Manufacturing,Gilsum,New Hampshire,50-249,144,2011-02-21,https://www.bcorporation.net/en-us/find-a-b-corp/company/ws-badger-co-inc/
Wellnesse PBC,wellnesse-p-b-c,Personal care products,Wholesale/Retail,Santa Rosa Beach,Florida,1-9,88.7,2021-05-04,https://www.bcorporation.net/en-us/find-a-b-corp/company/wellnesse-p-b-c/
"YareSafo Hair, LLC (DBA Safo Hair)",yare-safo-hair-llc-dba-safo-hair,Personal care products,Wholesale/Retail,Boston,Massachusetts,0,105.4,2025-10-21,https://www.bcorporation.net/en-us/find-a-b-corp/company/yare-safo-hair-llc-dba-safo-hair/
"Your Very Best, LLC",your-very-best,Personal care products,Manufacturing,Miami,Florida,1-9,107.7,2026-01-11,https://www.bcorporation.net/en-us/find-a-b-corp/company/your-very-best/
stubble + 'stache,tubble-stache,Personal care products,Wholesale/Retail,Washington,District of Columbia,0,106,2021-01-03,https://www.bcorporation.net/en-us/find-a-b-corp/company/tubble-stache/
Print & Pack LLC,print-pack-llc,Printing & recorded media,Manufacturing,Henderson,Nevada,0,89.3,2025-08-20,https://www.bcorporation.net/en-us/find-a-b-corp/company/print-pack-llc/
Real Thread,real-thread,Printing & recorded media,Manufacturing,Orlando,Florida,50-249,80.9,2025-08-20,https://www.bcorporation.net/en-us/find-a-b-corp/company/real-thread/
Swift Printing Co.,swift-printing-and-commuications-inc,Printing & recorded media,Manufacturing,Grand Rapids,Michigan,10-49,81.1,2017-10-31,https://www.bcorporation.net/en-us/find-a-b-corp/company/swift-printing-and-commuications-inc/
Comet Skateboards,comet-skateboards,Sports goods,Manufacturing,Bristol,Rhode Island,0,89.4,2008-06-29,https://www.bcorporation.net/en-us/find-a-b-corp/company/comet-skateboards/
Fishpond Inc.,fishpond-inc,Sports goods,Wholesale/Retail,Denver,Colorado,10-49,86.4,2015-07-14,https://www.bcorporation.net/en-us/find-a-b-corp/company/fishpond-inc/
GreenGear Supply Company Inc.,green-gear-supply-company-inc,Sports goods,Wholesale/Retail,Albertson,New York,0,92.9,2023-11-28,https://www.bcorporation.net/en-us/find-a-b-corp/company/green-gear-supply-company-inc/
Icelantic Skis LLC,icelantic-skis-llc,Sports goods,Wholesale/Retail,Golden,Colorado,10-49,85.9,2022-07-24,https://www.bcorporation.net/en-us/find-a-b-corp/company/icelantic-skis-llc/
Kane Footwear LLC,kane-footwear-llc,Sports goods,Wholesale/Retail,Westport,Connecticut,1-9,84.3,2022-11-09,https://www.bcorporation.net/en-us/find-a-b-corp/company/kane-footwear-llc/
Klean Kanteen,klean-kanteen,Sports goods,Wholesale/Retail,Chico,California,50-249,110.9,2012-09-05,https://www.bcorporation.net/en-us/find-a-b-corp/company/klean-kanteen/
Mayfly Outdoors,mayfly-outdoors,Sports goods,Manufacturing,Montrose,Colorado,50-249,101.6,2018-06-03,https://www.bcorporation.net/en-us/find-a-b-corp/company/mayfly-outdoors/
MiiR,miir-inc,Sports goods,Wholesale/Retail,Seattle,Washington,50-249,95.5,2014-03-25,https://www.bcorporation.net/en-us/find-a-b-corp/company/miir-inc/
Minimal Gear LLC,cnoc-outdoors,Sports goods,Wholesale/Retail,Portland,Oregon,1-9,97.4,2021-06-01,https://www.bcorporation.net/en-us/find-a-b-corp/company/cnoc-outdoors/
"Pyzel Surfboards, LLC",pyzel-surfboards-llc,Sports goods,Manufacturing,Waialua,California,10-49,81.8,2023-03-02,https://www.bcorporation.net/en-us/find-a-b-corp/company/pyzel-surfboards-llc/
"Quality Bicycle Products, General Benefit Corporation",quality-bicycle-products-general-benefit-corporation,Sports goods,Wholesale/Retail,Bloomington,Minnesota,250-999,83.4,2021-03-28,https://www.bcorporation.net/en-us/find-a-b-corp/company/quality-bicycle-products-general-benefit-corporation/
Roads Rivers and Trails,roads-rivers-and-trails,Sports goods,Wholesale/Retail,Milford,Ohio,10-49,80.7,2025-04-28,https://www.bcorporation.net/en-us/find-a-b-corp/company/roads-rivers-and-trails/
The Burton Corporation,burton,Sports goods,Wholesale/Retail,,,250-999,93.3,2019-10-06,https://www.bcorporation.net/en-us/find-a-b-corp/company/burton/
Trash Panda Disc Golf,trash-panda-disc-golf,Sports goods,Wholesale/Retail,Denver,Colorado,1-9,91.8,2023-08-08,https://www.bcorporation.net/en-us/find-a-b-corp/company/trash-panda-disc-golf/
Weston,weston,Sports goods,Wholesale/Retail,Lakewood,Colorado,10-49,92.4,2023-09-24,https://www.bcorporation.net/en-us/find-a-b-corp/company/weston/
mountainFLOW eco-wax,mountainflow-eco-wax,Sports goods,Wholesale/Retail,Carbondale,Colorado,1-9,105.7,2020-09-17,https://www.bcorporation.net/en-us/find-a-b-corp/company/mountainflow-eco-wax/
ALWRLD Co.,alwrld,Textiles,Wholesale/Retail,Los Angeles,California,0,84.2,2023-07-27,https://www.bcorporation.net/en-us/find-a-b-corp/company/alwrld/
Anji Mountain,anji-mountain,Textiles,Wholesale/Retail,St. Louis,Missouri,10-49,85.5,2022-07-17,https://www.bcorporation.net/en-us/find-a-b-corp/company/anji-mountain/
Ettitude Holdings Inc,ettitude-holdings-inc,Textiles,Wholesale/Retail,Los Angeles,California,10-49,123.3,2022-03-20,https://www.bcorporation.net/en-us/find-a-b-corp/company/ettitude-holdings-inc/
FiveADRIFT LLC,fiveadrift-llc,Textiles,Wholesale/Retail,Needham,Massachusetts,0,112.7,2022-07-19,https://www.bcorporation.net/en-us/find-a-b-corp/company/fiveadrift-llc/
Helpsy Holdings PBC,helpsy,Textiles,Wholesale/Retail,Cherry Hill,New Jersey,50-249,85.4,2018-03-18,https://www.bcorporation.net/en-us/find-a-b-corp/company/helpsy/
JD Staron LLC,jd-staron-llc,Textiles,Wholesale/Retail,Stamford,Connecticut,10-49,81.9,2025-01-06,https://www.bcorporation.net/en-us/find-a-b-corp/company/jd-staron-llc/
Oolie Inc,oolie-inc,Textiles,Wholesale/Retail,Mill Valley,California,0,80.9,2023-04-26,https://www.bcorporation.net/en-us/find-a-b-corp/company/oolie-inc/
"Opportunity Threads, LLC",opportunity-threads-llc,Textiles,Manufacturing,Morganton,North Carolina,10-49,109.6,2023-01-05,https://www.bcorporation.net/en-us/find-a-b-corp/company/opportunity-threads-llc/
Timo & Violet Inc.,timo-violet-inc,Textiles,Wholesale/Retail,Greenwich,Connecticut,0,80.1,2023-12-20,https://www.bcorporation.net/en-us/find-a-b-corp/company/timo-violet-inc/
UmoParis,umo-paris,Textiles,Wholesale/Retail,Los Angeles,California,1-9,90.5,2025-12-29,https://www.bcorporation.net/en-us/find-a-b-corp/company/umo-paris/
